


-------------------- deliveryStaffs ------------------ 
INSERT INTO deliveryStaffs VALUES(5147935496, 'Devante Homenick', 'Ville-Marie');
INSERT INTO deliveryStaffs VALUES(5144793569, 'Cortney Cartwright', 'Ville-Marie');
INSERT INTO deliveryStaffs VALUES(5141265260, 'Darrin Zulauf', 'LaSalle');
INSERT INTO deliveryStaffs VALUES(5148487244, 'Moises Mayert', 'Saint-Laurent');
INSERT INTO deliveryStaffs VALUES(5146079360, 'Tevin Ledner', 'Montreal-Nord');
INSERT INTO deliveryStaffs VALUES(5144885213, 'Moises Sipes', 'Lachine');
INSERT INTO deliveryStaffs VALUES(5147944206, 'Viva Dach', 'Ville-Marie');
INSERT INTO deliveryStaffs VALUES(5147048402, 'Zoila Pouros', 'Ville-Marie');
INSERT INTO deliveryStaffs VALUES(5144381604, 'Brianne Ledner', 'LaSalle');
INSERT INTO deliveryStaffs VALUES(5143541228, 'Antone Langworth', 'Montreal-Nord');
INSERT INTO deliveryStaffs VALUES(5146399271, 'Ms. Kirk Klein', 'Montreal-Nord');
INSERT INTO deliveryStaffs VALUES(5149927951, 'Jordan Hilll', 'Verdun');
INSERT INTO deliveryStaffs VALUES(5146778358, 'Ila Parisian', 'Saint-Leonard');
INSERT INTO deliveryStaffs VALUES(5146637254, 'Mrs. Anthony Rosenbaum', 'Anjou');
INSERT INTO deliveryStaffs VALUES(5145273749, 'Karson Greenholt', 'LaSalle');
INSERT INTO deliveryStaffs VALUES(5146378769, 'Anjali Waters', 'LaSalle');
INSERT INTO deliveryStaffs VALUES(5148511121, 'Cydney Donnelly', 'Montreal-Nord');
INSERT INTO deliveryStaffs VALUES(5146705246, 'Royal Daugherty', 'Le Plateau-Mont-Royal');
INSERT INTO deliveryStaffs VALUES(5147675333, 'Candice Stracke', 'Saint-Leonard');
INSERT INTO deliveryStaffs VALUES(5149584640, 'Lenna Jast', 'Saint-Laurent');
INSERT INTO deliveryStaffs VALUES(5142925360, 'Morton Luettgen', 'Saint-Leonard');
INSERT INTO deliveryStaffs VALUES(5143790825, 'Magdalen Muller', 'Saint-Leonard');
INSERT INTO deliveryStaffs VALUES(5141422376, 'Michael Stamm', 'Le Plateau-Mont-Royal');
INSERT INTO deliveryStaffs VALUES(5146758221, 'Ward Braun', 'Ville-Marie');
INSERT INTO deliveryStaffs VALUES(5146215992, 'Cecile Altenwerth', 'Saint-Leonard');
INSERT INTO deliveryStaffs VALUES(5146341974, 'Mr. Catalina Steuber', 'Verdun');
INSERT INTO deliveryStaffs VALUES(5141812784, 'Elenor Jacobi', 'Le Plateau-Mont-Royal');
INSERT INTO deliveryStaffs VALUES(5142358648, 'Astrid Mills', 'Saint-Leonard');
INSERT INTO deliveryStaffs VALUES(5148009059, 'Mrs. Ethan Green', 'Lachine');
INSERT INTO deliveryStaffs VALUES(5142447998, 'Maybell Heller', 'Lachine');
INSERT INTO deliveryStaffs VALUES(5140676442, 'Fay Feeney I', 'Lachine');
INSERT INTO deliveryStaffs VALUES(5140583408, 'Jorge McLaughlin', 'Anjou');
INSERT INTO deliveryStaffs VALUES(5141377582, 'Neva Bergnaum', 'Le Plateau-Mont-Royal');
INSERT INTO deliveryStaffs VALUES(5143314112, 'Miss Ivah Batz', 'Anjou');
INSERT INTO deliveryStaffs VALUES(5149538125, 'Rhea Rohan', 'Outremont');
INSERT INTO deliveryStaffs VALUES(5140242134, 'Bryon Ledner', 'Anjou');
INSERT INTO deliveryStaffs VALUES(5143348501, 'Mrs. Geoffrey Altenwerth', 'Ville-Marie');
INSERT INTO deliveryStaffs VALUES(5143812357, 'Naomie Yost', 'Anjou');
INSERT INTO deliveryStaffs VALUES(5142033082, 'Kacey Bergnaum', 'Ville-Marie');
INSERT INTO deliveryStaffs VALUES(5144957209, 'Skyla Mraz', 'Ville-Marie');
INSERT INTO deliveryStaffs VALUES(5141908064, 'Miss Cruz Bashirian', 'Lachine');
INSERT INTO deliveryStaffs VALUES(5141179627, 'Jewel Christiansen', 'Anjou');
INSERT INTO deliveryStaffs VALUES(5147990486, 'Nellie O''Conner', 'Anjou');
INSERT INTO deliveryStaffs VALUES(5144673252, 'Courtney Thiel', 'Saint-Laurent');
INSERT INTO deliveryStaffs VALUES(5144484111, 'Major Steuber', 'Saint-Leonard');
INSERT INTO deliveryStaffs VALUES(5147208935, 'Mrs. Hadley Haag', 'Le Plateau-Mont-Royal');
INSERT INTO deliveryStaffs VALUES(5148497100, 'Miss Dianna Thiel', 'Lachine');
INSERT INTO deliveryStaffs VALUES(5147567114, 'Ms. Jadyn Morissette', 'Lachine');
INSERT INTO deliveryStaffs VALUES(5148992625, 'Alysson Kuphal', 'Lachine');
INSERT INTO deliveryStaffs VALUES(5146456215, 'Benny Labadie', 'Saint-Laurent');
INSERT INTO deliveryStaffs VALUES(5148703602, 'Haskell Botsford I', 'Anjou');
INSERT INTO deliveryStaffs VALUES(5148158787, 'Clifton Robel', 'Lachine');
INSERT INTO deliveryStaffs VALUES(5143609544, 'Bernita Hettinger', 'Montreal-Nord');
INSERT INTO deliveryStaffs VALUES(5148399537, 'Kelli Yost', 'Anjou');
INSERT INTO deliveryStaffs VALUES(5149367059, 'Jevon King', 'Outremont');
INSERT INTO deliveryStaffs VALUES(5140125324, 'Dennis Schultz', 'Ville-Marie');
INSERT INTO deliveryStaffs VALUES(5145715506, 'Catharine Wolff', 'Anjou');
INSERT INTO deliveryStaffs VALUES(5140360744, 'Alana Larkin', 'Anjou');
INSERT INTO deliveryStaffs VALUES(5142476191, 'Armando O''Reilly', 'Anjou');
INSERT INTO deliveryStaffs VALUES(5148799788, 'Terence Rutherford', 'LaSalle');
INSERT INTO deliveryStaffs VALUES(5147985683, 'Michelle Stracke', 'Montreal-Nord');
INSERT INTO deliveryStaffs VALUES(5149764886, 'Einar Connelly', 'Montreal-Nord');
INSERT INTO deliveryStaffs VALUES(5144602703, 'Emerson Dietrich', 'LaSalle');
INSERT INTO deliveryStaffs VALUES(5147517919, 'Ted Conroy', 'Saint-Leonard');
INSERT INTO deliveryStaffs VALUES(5142430690, 'Johnpaul Hammes', 'LaSalle');
INSERT INTO deliveryStaffs VALUES(5143183643, 'Jovani Zulauf PhD', 'Montreal-Nord');
INSERT INTO deliveryStaffs VALUES(5142929092, 'Jakayla Stracke', 'Verdun');
INSERT INTO deliveryStaffs VALUES(5148891235, 'Hudson Legros', 'Ville-Marie');
INSERT INTO deliveryStaffs VALUES(5146206271, 'Janice Quitzon', 'Anjou');
INSERT INTO deliveryStaffs VALUES(5143948617, 'Breanne Walker', 'Verdun');
INSERT INTO deliveryStaffs VALUES(5145142995, 'Litzy Mayer', 'Saint-Leonard');
INSERT INTO deliveryStaffs VALUES(5141741230, 'Mrs. Kaley Becker', 'Montreal-Nord');
INSERT INTO deliveryStaffs VALUES(5144774464, 'Antonina Toy', 'Montreal-Nord');
INSERT INTO deliveryStaffs VALUES(5144648131, 'Precious Cremin', 'Saint-Laurent');
INSERT INTO deliveryStaffs VALUES(5146249865, 'Jovanny Feil', 'Saint-Leonard');
INSERT INTO deliveryStaffs VALUES(5148900834, 'Beulah Bogisich PhD', 'Outremont');
INSERT INTO deliveryStaffs VALUES(5147059405, 'Owen Stracke', 'Verdun');
INSERT INTO deliveryStaffs VALUES(5149231879, 'Nestor Mraz', 'Lachine');
INSERT INTO deliveryStaffs VALUES(5148658202, 'Dixie Treutel', 'Verdun');
INSERT INTO deliveryStaffs VALUES(5149530305, 'Salvatore Armstrong', 'Verdun');
INSERT INTO deliveryStaffs VALUES(5144573281, 'Velda Wilkinson', 'Saint-Laurent');
INSERT INTO deliveryStaffs VALUES(5149347848, 'Maya Jones', 'Montreal-Nord');
INSERT INTO deliveryStaffs VALUES(5141218926, 'Elmore Kunde', 'LaSalle');
INSERT INTO deliveryStaffs VALUES(5143843529, 'Baby Kirlin', 'Anjou');
INSERT INTO deliveryStaffs VALUES(5142691930, 'Alisha Gusikowski', 'LaSalle');
INSERT INTO deliveryStaffs VALUES(5149035975, 'Johnson Gleichner Sr.', 'Saint-Leonard');
INSERT INTO deliveryStaffs VALUES(5144865732, 'Ida Prohaska', 'Ville-Marie');
INSERT INTO deliveryStaffs VALUES(5149062155, 'Joe Dare', 'Saint-Laurent');
INSERT INTO deliveryStaffs VALUES(5146194438, 'Theresa Hansen', 'Ville-Marie');
INSERT INTO deliveryStaffs VALUES(5149663807, 'Arnaldo Kshlerin', 'LaSalle');
INSERT INTO deliveryStaffs VALUES(5148028563, 'Dr. Rosa Dooley', 'LaSalle');
INSERT INTO deliveryStaffs VALUES(5144897936, 'Tremaine Stokes', 'LaSalle');
INSERT INTO deliveryStaffs VALUES(5141955383, 'Willie Stanton III', 'Le Plateau-Mont-Royal');
INSERT INTO deliveryStaffs VALUES(5140791710, 'Valerie Wunsch', 'Ville-Marie');
INSERT INTO deliveryStaffs VALUES(5142178505, 'Laurence Gorczany', 'Lachine');
INSERT INTO deliveryStaffs VALUES(5148401971, 'Estel Spencer', 'Montreal-Nord');
INSERT INTO deliveryStaffs VALUES(5143187723, 'Omari Erdman', 'Outremont');
INSERT INTO deliveryStaffs VALUES(5144016608, 'Domingo Sporer', 'Lachine');
INSERT INTO deliveryStaffs VALUES(5144068935, 'Twila Hackett', 'Le Plateau-Mont-Royal');
INSERT INTO deliveryStaffs VALUES(5149079908, 'Rubye Brekke', 'LaSalle');



-------------------- addresses ------------------ 
INSERT INTO addresses VALUES('Cxs0xQ24AV', 'H1J1K2', '9201 Boul Métropolitain E ''500, Anjou, QC', 'Anjou');
INSERT INTO addresses VALUES('Pyx631wyYB', 'H1K1E7', '7751 Boulevard Roi-René, Anjou, QC', 'Anjou');
INSERT INTO addresses VALUES('aqQi6Sdslc', 'H1K3G7', '7655 Boulevard Roi-René, Anjou, QC', 'Anjou');
INSERT INTO addresses VALUES('hKNyjBVy5L', 'H1J3A4', '200-8100 Boulevard du Golf, Anjou, QC', 'Anjou');
INSERT INTO addresses VALUES('lpZkIxHzDy', 'H1K3G4', '6381 Boulevard Roi-René, Anjou, QC', 'Anjou');
INSERT INTO addresses VALUES('kHi3HzRF4x', 'H1E1P3', '8060 Boul Henri-Bourassa E, Anjou, QC', 'Anjou');
INSERT INTO addresses VALUES('qUfPJDYs0h', 'H1K1N3', '8621 Avenue Chaumont, Anjou, QC', 'Anjou');
INSERT INTO addresses VALUES('5GGU75PF3Y', 'H1E1P2', '8000 Boul Henri-Bourassa E, Montréal, QC', 'Anjou');
INSERT INTO addresses VALUES('zAK2wpEV9W', 'H1E1P2', 'Est, 8000 Boul Henri-Bourassa E, Montreal, Quebec', 'Anjou');
INSERT INTO addresses VALUES('oeR3v2MsET', 'H1J3B8', '7065 Rue Jarry E, Montréal, QC', 'Anjou');
INSERT INTO addresses VALUES('u94tdBUkf6', 'H1J2C3', '7875 Rue Jarry E, Anjou, QC', 'Anjou');
INSERT INTO addresses VALUES('FTodXHBdPW', 'H1J1K6', '8501 Boul Ray Lawson, Anjou, QC', 'Anjou');
INSERT INTO addresses VALUES('T0F3NLbma6', 'H1J2X9', '8400 Rue de l''Innovation, Anjou, QC', 'Anjou');
INSERT INTO addresses VALUES('XmX0ZwlZKJ', 'H1J1Z1', '9101 Boulevard Louis-H. La Fontaine, Anjou, QC', 'Anjou');
INSERT INTO addresses VALUES('sUUST6yfPC', 'H1J1M3', '10401 Boul Ray Lawson, Montréal, QC', 'Anjou');
INSERT INTO addresses VALUES('09AT2LWTZe', 'H1J1Z4', '9200 Rue Claveau, Anjou, QC', 'Anjou');
INSERT INTO addresses VALUES('pTGZ2Bv1Vs', 'H1J1S9', '8181 Rue Edison, Anjou, QC', 'Anjou');
INSERT INTO addresses VALUES('pcTNdWx04A', 'H1J1C3', '7750 Rue Grenache, Anjou, QC', 'Anjou');
INSERT INTO addresses VALUES('GPJu5cmXB6', 'H1J1X6', '8245 Boul Métropolitain E, Anjou, QC', 'Anjou');
INSERT INTO addresses VALUES('0ahGZvDnbc', 'H1J1H5', '8014 Rue Jarry E, Anjou, QC', 'Anjou');
INSERT INTO addresses VALUES('Ei866ms2eT', 'H1J2A1', '7810 Rue Jarry E, Anjou, QC', 'Anjou');
INSERT INTO addresses VALUES('rZCxynfqoF', 'H1J1X7', '8500 Rue Jarry E, Anjou, QC', 'Anjou');
INSERT INTO addresses VALUES('HNBJCuczME', 'H1J1P5', '9900 Boulevard Parkway, Anjou, QC', 'Anjou');
INSERT INTO addresses VALUES('8cILnqX9TY', 'H1J1H5', '8060 Rue Jarry E, Anjou, QC', 'Anjou');
INSERT INTO addresses VALUES('Sz2Ct4XAbE', 'QCH1K', '6926 Boulevard Joseph-Renaud, Anjou', 'Anjou');
INSERT INTO addresses VALUES('xmPPybpOsb', 'H1J1T7', '10007 Rue Mirabeau, Anjou, QC', 'Anjou');
INSERT INTO addresses VALUES('Ldqgjxlx48', 'H1J2A8', '7730 Rue de Lamartine, Anjou, QC', 'Anjou');
INSERT INTO addresses VALUES('s5ujQPOwzc', 'H1J2A3', '9855 Boulevard Louis-H. La Fontaine, Anjou, QC', 'Anjou');
INSERT INTO addresses VALUES('9evQGsoaB7', 'H1K3V4', '6500 Boulevard Joseph-Renaud, Anjou, QC', 'Anjou');
INSERT INTO addresses VALUES('DXFm6xzEhl', 'H1K4E4', '7751 Boulevard Louis-H. La Fontaine, Anjou, QC', 'Anjou');
INSERT INTO addresses VALUES('KtJusBdfFX', 'H8S1X8', '2780 Rue Remembrance, Lachine, QC', 'Lachine');
INSERT INTO addresses VALUES('jTyo6Wjwsz', 'H8S1X8', '2972 Rue Remembrance, Lachine, Quebec', 'Lachine');
INSERT INTO addresses VALUES('tRWLlYUrao', 'QCH8S', '2525 Rue Provost, Lachine', 'Lachine');
INSERT INTO addresses VALUES('aUextMcbk3', 'H8T1X6', '3060 Boulevard Saint-Joseph, Lachine, QC', 'Lachine');
INSERT INTO addresses VALUES('fuzpUKCrEC', 'H8T3G6', '633 32e Avenue, Lachine, QC', 'Lachine');
INSERT INTO addresses VALUES('Mg3ZzCQv1S', 'H8S1X8', 'Les Galeries Lachine, 2944 Rue Remembrance, Lachine, QC', 'Lachine');
INSERT INTO addresses VALUES('RRXgMPVHcD', 'H8S2N9', '2530 Boulevard Saint-Joseph, Lachine, QC', 'Lachine');
INSERT INTO addresses VALUES('P0dSG7K41k', 'H8T3G6', '665 32e Avenue, Lachine, QC', 'Lachine');
INSERT INTO addresses VALUES('aUYbYavELi', 'H8S3Z4', '430 28e Avenue, Lachine, QC', 'Lachine');
INSERT INTO addresses VALUES('9011GANyP8', 'H8S2E9', '1800 Notre Dame St, Lachine, QC', 'Lachine');
INSERT INTO addresses VALUES('N7uGIpUVts', 'H8S1X8', '2979 Rue Remembrance, K3, Lachine, Quebec', 'Lachine');
INSERT INTO addresses VALUES('9uxWJQmM4G', 'H8S1X8', '2972 Rue Remembrance, Lachine, QC', 'Lachine');
INSERT INTO addresses VALUES('JKJdtJXE5n', 'H8S2N9', '2500 Boulevard Saint-Joseph, Montréal, QC', 'Lachine');
INSERT INTO addresses VALUES('uIXT9DL1W1', 'H8S1R2', '2575 Rue Provost, Lachine, QC', 'Lachine');
INSERT INTO addresses VALUES('z5PMtSRMLN', 'H8S1X8', '2760-3510 Rue Remembrance, Lachine, QC', 'Lachine');
INSERT INTO addresses VALUES('IE80QhN2BU', 'H8S1Z3', '2300 Victoria St, Lachine, QC', 'Lachine');
INSERT INTO addresses VALUES('NBTIhdoAPe', 'H8S1K2', '2507 Rue Sherbrooke, Lachine, QC', 'Lachine');
INSERT INTO addresses VALUES('zi0QxugrGf', 'H8S1X8', '2970 Rue Remembrance, Lachine, QC', 'Lachine');
INSERT INTO addresses VALUES('BJl33rB7N5', 'H8S1X8', '2920 Rue Remembrance, Lachine, QC', 'Lachine');
INSERT INTO addresses VALUES('O8nnKKwy9U', 'H8S1R1', '2425 Rue Provost, Lachine, QC', 'Lachine');
INSERT INTO addresses VALUES('BzbCQ2IEbg', 'H8S2E1', '1467 Rue Notre Dame, Lachine, QC', 'Lachine');
INSERT INTO addresses VALUES('w0oPIrUUC7', 'H8S2C9', '1365 Rue Notre Dame, Lachine, QC', 'Lachine');
INSERT INTO addresses VALUES('qviv8mbxWr', 'H8T3H2', '1255 32e Avenue, Lachine, QC', 'Lachine');
INSERT INTO addresses VALUES('gKeoCBxm49', 'H8S2C6', '1238 Rue Notre Dame, Lachine, QC', 'Lachine');
INSERT INTO addresses VALUES('1mgaCck2uU', 'H8S3J6', '810 12 Av, Lachine, QC', 'Lachine');
INSERT INTO addresses VALUES('S1hDeVtWD6', 'H8T1B8', '1200 50e, Lachine, Quebec', 'Lachine');
INSERT INTO addresses VALUES('BcXxhf2PJb', 'H8T2V3', '1100 50e Avenue, Lachine, QC', 'Lachine');
INSERT INTO addresses VALUES('yptTGaGL2L', 'H8S1M8', '815 Rue Provost, Lachine, QC', 'Lachine');
INSERT INTO addresses VALUES('6EKnrVYNy2', 'H8S2B3', '650 Rue Notre Dame, Lachine, QC', 'Lachine');
INSERT INTO addresses VALUES('Ki7JNgWFFM', 'H8S2M2', '833 Bd St Joseph, Lachine, QC', 'Lachine');
INSERT INTO addresses VALUES('WR5wx92Nb5', 'H8N1T8', '1756 Dollard Ave, Lasalle, QC', 'LaSalle');
INSERT INTO addresses VALUES('YYS8Uove89', 'H8P1B4', '8230 Champlain Blvd, Lasalle, QC', 'LaSalle');
INSERT INTO addresses VALUES('Axcz9cYIzD', 'H8R2A4', '9001 Rue Airlie, LaSalle, QC', 'LaSalle');
INSERT INTO addresses VALUES('873b6f7az9', 'H8N1T8', '1611 Dollard Ave, Montreal, Q', 'LaSalle');
INSERT INTO addresses VALUES('Aa6TZZPojs', 'QCH8N', '8171 Newman Blvd, Lasalle', 'LaSalle');
INSERT INTO addresses VALUES('xw9jLjp83b', 'H8N1T3', '1395 Dollard Ave, Lasalle, QC', 'LaSalle');
INSERT INTO addresses VALUES('xYJ5r5bqj6', 'H8N1X9', '8300 Newman Blvd, Lasalle, QC', 'LaSalle');
INSERT INTO addresses VALUES('2x3jNlmwha', 'H8N2N9', '7919 Newman Blvd, Lasalle, QC', 'LaSalle');
INSERT INTO addresses VALUES('Rzlv25ay5u', 'H8N1X9', '8080 Newman Blvd, Lasalle, QC', 'LaSalle');
INSERT INTO addresses VALUES('QEDyRh2O3n', 'H8R2A5', '9150 Rue Airlie, LaSalle, QC', 'LaSalle');
INSERT INTO addresses VALUES('L5YWYirMk4', 'H8R2C8', '8875 Rue Salley, LaSalle, QC', 'LaSalle');
INSERT INTO addresses VALUES('cR7KT7Vyil', 'H8N1N8', '1255 Shevchenko Blvd, Lasalle, QC', 'LaSalle');
INSERT INTO addresses VALUES('OW5JaPvaJt', 'H8N1T8', '1664 Dollard Ave, Lasalle, QC', 'LaSalle');
INSERT INTO addresses VALUES('GJ0F6CgN1r', 'H8N2N6', '1110 Dollard Ave, Lasalle, QC', 'LaSalle');
INSERT INTO addresses VALUES('8BMsWX04Aj', 'H8N1S2', '2101 rue Dollard, local 59, QC, Quebec', 'LaSalle');
INSERT INTO addresses VALUES('J8eBYEnKuk', 'H8N2Y7', '8469 Newman Blvd, Lasalle, QC', 'LaSalle');
INSERT INTO addresses VALUES('7Qr4ZP8V5r', 'H8N1S2', '2101 Av Dollard, Place Newman, Lasalle, Quebec', 'LaSalle');
INSERT INTO addresses VALUES('S8VggxutWA', 'H8N1X8', '7798 Boul. Newman, Marche Newman, LaSalle, QC', 'LaSalle');
INSERT INTO addresses VALUES('ikhEnRRgdi', 'H8N1S2', '2101 Dollard Ave, Lasalle, QC', 'LaSalle');
INSERT INTO addresses VALUES('pxKyYHSJYL', 'H8N1S6', '2150 Dollard Ave, Lasalle, QC', 'LaSalle');
INSERT INTO addresses VALUES('txSdWRqbZv', 'H8R2C8', '8951 Rue Salley, LaSalle, QC', 'LaSalle');
INSERT INTO addresses VALUES('NayXOm1tWR', 'H8N3G5', '1880 Dollard Ave, Montreal, QC', 'LaSalle');
INSERT INTO addresses VALUES('Nr4q8OFIyH', 'H8N1T6', '1600 Dollard Ave, Lasalle, QC', 'LaSalle');
INSERT INTO addresses VALUES('NSW60UbkVm', 'H8R1Y9', '8799 Newman Blvd, Lasalle, QC', 'LaSalle');
INSERT INTO addresses VALUES('y7ts6cARhI', 'H8R2E5', '9145 Rue Boivin, LaSalle, QC', 'LaSalle');
INSERT INTO addresses VALUES('lRlm9rJiqA', 'H8N1T3', '1503 Dollard Ave, Lasalle, QC', 'LaSalle');
INSERT INTO addresses VALUES('JVvwnycZRV', 'H8N2Y7', '8453 Newman Blvd, Montreal, QC', 'LaSalle');
INSERT INTO addresses VALUES('JcAGkUavtJ', 'H8N2L1', '2050 Rue Lapierre, LaSalle, QC', 'LaSalle');
INSERT INTO addresses VALUES('pCCT0fIFLe', 'H8R2C8', '9105 Rue Salley, LaSalle, QC', 'LaSalle');
INSERT INTO addresses VALUES('em0qM2ewcr', 'H8N1T3', '1377 Dollard Ave, Lasalle, QC', 'LaSalle');
INSERT INTO addresses VALUES('5LAkn5rex8', 'H2J2L4', '4505 St Denis St, Montreal, QC', 'Le Plateau-Mont-Royal');
INSERT INTO addresses VALUES('9ZpvwikQfV', 'H2L1A5', '500 Avenue Duluth E, Montréal, QC', 'Le Plateau-Mont-Royal');
INSERT INTO addresses VALUES('WPg5ZNBxRI', 'H2W1Z8', '4475 St Laurent Blvd, Montreal, QC', 'Le Plateau-Mont-Royal');
INSERT INTO addresses VALUES('pqmHRB2BH8', 'H2G1B6', '1879 Rue Bélanger, Montréal, QC', 'Le Plateau-Mont-Royal');
INSERT INTO addresses VALUES('i4DNQLOPCW', 'H2L4N3', '505 Sherbrooke St E, Montreal, QC', 'Le Plateau-Mont-Royal');
INSERT INTO addresses VALUES('BMbs9cRSNJ', 'H2L1B2', '835 Avenue Duluth E, Montréal, QC', 'Le Plateau-Mont-Royal');
INSERT INTO addresses VALUES('b30aVKAsfg', 'H2J1P7', '1059 Rue Gilford, Montréal, QC', 'Le Plateau-Mont-Royal');
INSERT INTO addresses VALUES('OlBhdl8Rzs', 'QCH2J', '1350 Mont-Royal Ave E, Montreal', 'Le Plateau-Mont-Royal');
INSERT INTO addresses VALUES('a0y58z2BnU', 'H2L1G9', '3620 St Denis St, Montreal, QC', 'Le Plateau-Mont-Royal');
INSERT INTO addresses VALUES('MwJCM0geXQ', 'H2T1R2', '4653 St Laurent Blvd, Montreal, QC', 'Le Plateau-Mont-Royal');
INSERT INTO addresses VALUES('MUFn1YME22', 'H2W2M2', '3932 St Denis St, Montreal, QC', 'Le Plateau-Mont-Royal');
INSERT INTO addresses VALUES('UCOemmjJcu', 'H2J2L1', '4406 St Denis St, Montreal, QC', 'Le Plateau-Mont-Royal');
INSERT INTO addresses VALUES('OoLEoQoI4Z', 'H2W2M7', '4075 St Denis St, Montreal, QC', 'Le Plateau-Mont-Royal');
INSERT INTO addresses VALUES('uAewdjChyg', 'H2T1R7', '5042 St Laurent Blvd, Montreal, QC', 'Le Plateau-Mont-Royal');
INSERT INTO addresses VALUES('4T3AXUzpak', 'H2J1Y9', '1450 Mont-Royal Ave E, Montreal, QC', 'Le Plateau-Mont-Royal');
INSERT INTO addresses VALUES('FXldogKnN2', 'H2W2M4', '3875 St Denis St, Montreal, QC', 'Le Plateau-Mont-Royal');
INSERT INTO addresses VALUES('claYy4G57w', 'H2W1Z5', '4404 St Laurent Blvd, Montreal, QC', 'Le Plateau-Mont-Royal');
INSERT INTO addresses VALUES('bmjSFFiUeM', 'H2J2K9', '4323 St Denis St, Montreal, QC', 'Le Plateau-Mont-Royal');
INSERT INTO addresses VALUES('qEIkYfYxJ8', 'QCH2W', '4076 St Laurent Blvd, Montreal', 'Le Plateau-Mont-Royal');
INSERT INTO addresses VALUES('DdI7pVrzt1', 'H2X1E6', '364 Sherbrooke St E, Montreal, QC', 'Le Plateau-Mont-Royal');
INSERT INTO addresses VALUES('rH0GUJXlUh', 'H2W1Z4', '4299 St Laurent Blvd, Montreal, QC', 'Le Plateau-Mont-Royal');
INSERT INTO addresses VALUES('s6rq7t9Gxz', 'H2L1J1', '901 Rue Cherrier, Montréal, QC', 'Le Plateau-Mont-Royal');
INSERT INTO addresses VALUES('pCi33fnIVU', 'H2W1N9', '169 Pins Ave E, Montreal, QC', 'Le Plateau-Mont-Royal');
INSERT INTO addresses VALUES('HRlYYIZeNc', 'H2W2M4', '3923 St Denis St, Montreal, QC', 'Le Plateau-Mont-Royal');
INSERT INTO addresses VALUES('7OBtqdgr98', 'H2J2A2', '451 Marie-Anne East St, Montréal, QC', 'Le Plateau-Mont-Royal');
INSERT INTO addresses VALUES('mIFt9q98OM', 'H2J1Z1', '1477 Mont-Royal Ave E, Montreal, QC', 'Le Plateau-Mont-Royal');
INSERT INTO addresses VALUES('3NhNZpGnXs', 'H2J1X9', '1153 Mont-Royal, Montreal, QC', 'Le Plateau-Mont-Royal');
INSERT INTO addresses VALUES('GH0H8AqeQk', 'H2J2H6', '828 Rue Rachel E, Montréal, QC', 'Le Plateau-Mont-Royal');
INSERT INTO addresses VALUES('rvrLfYTFWC', 'H2T1N6', '89 Mont-Royal Ave E, Montreal, QC', 'Le Plateau-Mont-Royal');
INSERT INTO addresses VALUES('p5zyrZ0Dsb', 'H2J1W6', '551 Avenue du Mont-Royal Est 3ème étage, Point of Sale @ Studio Bizz (By Appointment Only), Montréal, QC', 'Le Plateau-Mont-Royal');
INSERT INTO addresses VALUES('A5KRh01y1k', 'QCH1G', '5057 Boul Henri-Bourassa E, Montréal-Nord', 'Montreal-Nord');
INSERT INTO addresses VALUES('vWBhjs1EUm', 'H1G2V1', '5875 Boul Henri-Bourassa E, Montréal-Nord, QC', 'Montreal-Nord');
INSERT INTO addresses VALUES('elJG709XUg', 'H7C1N1', '5070 Boulevard Lévesque E, Laval, QC', 'Montreal-Nord');
INSERT INTO addresses VALUES('4KhboEwh9v', 'H1G2S1', 'Boul Henri-Bourassa E, Montréal-Nord, QC', 'Montreal-Nord');
INSERT INTO addresses VALUES('OuhywD8gQx', 'H1H1T7', '4668 Rue de Charleroi, Montréal-Nord, QC', 'Montreal-Nord');
INSERT INTO addresses VALUES('XXmtsNQj5K', 'QCH1G', '4985 Boulevard Léger, Montréal-Nord', 'Montreal-Nord');
INSERT INTO addresses VALUES('VkAhyy7mec', 'H7C1N1', '5115 Boulevard Lévesque E, Laval, QC', 'Montreal-Nord');
INSERT INTO addresses VALUES('v1joBSjolr', 'H1H1L8', '4316 Boul Henri-Bourassa E, Montréal-Nord, QC', 'Montreal-Nord');
INSERT INTO addresses VALUES('sE8xhXZ3In', 'H1G1K4', '5567 Boulevard Léger, Montréal-Nord, QC', 'Montreal-Nord');
INSERT INTO addresses VALUES('7iLIfpxZJ7', 'H7C1N5', '5271 Boulevard Lévesque E, Laval, QC', 'Montreal-Nord');
INSERT INTO addresses VALUES('OeKZw4kWg5', 'H1H1T9', '4690 Rue de Charleroi, Montréal-Nord, QC', 'Montreal-Nord');
INSERT INTO addresses VALUES('lpA7dq2m7m', 'H1R1B1', '5375 Boulevard des Grandes-Prairies, Saint-Léonard, QC', 'Montreal-Nord');
INSERT INTO addresses VALUES('N2YtnO4PV2', 'H1G2T3', '5600 Boul Henri-Bourassa E, Montréal-Nord, QC', 'Montreal-Nord');
INSERT INTO addresses VALUES('wA0pR0D5GG', 'H1G4Z5', '12291 Avenue Salk, Montréal-Nord, QC', 'Montreal-Nord');
INSERT INTO addresses VALUES('cWkVJugoE1', 'H1G1X1', '5067 Rue Perras, Montréal-Nord, QC', 'Montreal-Nord');
INSERT INTO addresses VALUES('wTORRrNbIf', 'H1H1M3', '4695 Boul Henri-Bourassa E, Montréal-Nord, QC', 'Montreal-Nord');
INSERT INTO addresses VALUES('o1e97A2wjQ', 'H1G5N2', '12090 Avenue Lamoureux, Montréal-Nord, QC', 'Montreal-Nord');
INSERT INTO addresses VALUES('JOZPh7PkSn', 'H1G5N4', '10560 Boulevard Ste Gertrude, Montréal-Nord, QC', 'Montreal-Nord');
INSERT INTO addresses VALUES('Zo6tEpiiEf', 'H1G2T2', '5630 Boul Henri-Bourassa E, Montréal-Nord, QC', 'Montreal-Nord');
INSERT INTO addresses VALUES('qUDlpr390t', 'H1G2T6', '6000 Boul Henri-Bourassa E, Montréal-Nord, QC', 'Montreal-Nord');
INSERT INTO addresses VALUES('XOVwAHcJbm', 'H1G2T6', '6000 Boul Henri-Bourassa E, Montréal-Nord, QC', 'Montreal-Nord');
INSERT INTO addresses VALUES('RBM0WCgzkn', 'H1G2T6', '6000 Boul Henri-Bourassa E, Montréal-Nord, QC', 'Montreal-Nord');
INSERT INTO addresses VALUES('UaROa14Swn', 'H1G2T6', '6000 Boul Henri-Bourassa E T002, Montreal, QC', 'Montreal-Nord');
INSERT INTO addresses VALUES('JgkS8mnhsb', 'H1G6J7', '6425 Boulevard Léger, Montréal-Nord, QC', 'Montreal-Nord');
INSERT INTO addresses VALUES('YHjfwxyJ3R', 'H1G2T6', '6000 Boul Henri-Bourassa E, Montréal-Nord, QC', 'Montreal-Nord');
INSERT INTO addresses VALUES('YhORmZrh7U', 'H1G2T6', '6000 Boul Henri-Bourassa E b05, Montréal-Nord, QC', 'Montreal-Nord');
INSERT INTO addresses VALUES('okTYn6dHhH', 'H1G2T6', '6000 Boul Henri-Bourassa E Unit Z1, Montréal-Nord, QC', 'Montreal-Nord');
INSERT INTO addresses VALUES('BdSqycihSv', 'H1G5X3', '6158 Boul Henri-Bourassa E, Montréal-Nord, QC', 'Montreal-Nord');
INSERT INTO addresses VALUES('lwcR6dFXOo', 'H1G5X3', '6136 Boul Henri-Bourassa E, Montréal-Nord, QC', 'Montreal-Nord');
INSERT INTO addresses VALUES('ihEWdKJTXt', 'H1G5X3', '6134 Boul Henri-Bourassa E, Montréal-Nord, QC', 'Montreal-Nord');
INSERT INTO addresses VALUES('wix4nT2nif', 'H2V4G9', '5258 Park Ave, Montreal, QC', 'Outremont');
INSERT INTO addresses VALUES('Fl2xRQdh9E', 'H2V1J8', '1148 Ave Van Horne, Outremont, QC', 'Outremont');
INSERT INTO addresses VALUES('BNxVItqZbr', 'H2T1S5', '5427 St Laurent Blvd, Montreal, QC', 'Outremont');
INSERT INTO addresses VALUES('w2riUBv3be', 'H2T2L1', '120 Rue Saint Viateur O, Montréal, QC', 'Outremont');
INSERT INTO addresses VALUES('Ymp5lyGkNC', 'QCH2V', '1452 Ave Van Horne, Montreal', 'Outremont');
INSERT INTO addresses VALUES('vcpYJDGgV7', 'H2V1K4', '1201 Ave Van Horne, Outremont, QC', 'Outremont');
INSERT INTO addresses VALUES('hGFy2d8JvR', 'H2V4G7', '5318 Park Ave, Montreal, QC', 'Outremont');
INSERT INTO addresses VALUES('jIwDkAEanw', 'QCH2T', '200 St Viateur St W, Montreal', 'Outremont');
INSERT INTO addresses VALUES('w6KHlRn8qi', 'H2T1S1', '5400 St Laurent Blvd, Montreal, QC', 'Outremont');
INSERT INTO addresses VALUES('GezxydbyoK', 'H2V2G4', '362 Avenue Fairmount O, Montréal, QC', 'Outremont');
INSERT INTO addresses VALUES('pvlh2dFgAc', 'H2V4G9', '5277 Park Ave, Montreal, QC', 'Outremont');
INSERT INTO addresses VALUES('C4ptHxDtPO', 'H2V1K7', '1345 Ave Van Horne, Outremont, QC', 'Outremont');
INSERT INTO addresses VALUES('7lk9QeYFjl', 'H2T1R6', '5392 St Laurent Blvd, Montreal, QC', 'Outremont');
INSERT INTO addresses VALUES('dLoAgeE5s6', 'H2V2L4', '1090 Avenue Laurier O, Outremont, QC', 'Outremont');
INSERT INTO addresses VALUES('nnNjn4UwBc', 'H2V2K1', '273 Avenue Laurier O, Montréal, QC', 'Outremont');
INSERT INTO addresses VALUES('8OPSNpH6w4', 'H2V2L2', '1061 Avenue Laurier O, Outremont, QC', 'Outremont');
INSERT INTO addresses VALUES('DoqOyCZ1EG', 'H2S1S5', '5377 St Laurent Blvd, Montreal, QC', 'Outremont');
INSERT INTO addresses VALUES('TR9SM4FCsq', 'H2T1S5', '5365 St Laurent Blvd, Montreal, QC', 'Outremont');
INSERT INTO addresses VALUES('jiAsmeegCD', 'H2T2N7', '152 Avenue Laurier O, Montréal, QC', 'Outremont');
INSERT INTO addresses VALUES('M6Zftso4OF', 'H2V1V3', '1126 Rue Bernard O, Outremont, QC', 'Outremont');
INSERT INTO addresses VALUES('Jquye60SdS', 'H2V2G5', '363, Fairmount Ouest, Outremont, Quebec', 'Outremont');
INSERT INTO addresses VALUES('tKKHTJPVhp', 'H2V4G9', '5403 Park Ave, Montreal, QC', 'Outremont');
INSERT INTO addresses VALUES('eNXXqGfMuo', 'H2V4H2', '5637 Park Ave, Montreal, QC', 'Outremont');
INSERT INTO addresses VALUES('PZiaoAyjjC', 'H2V4H4', '5821 A Avenue du Parc, Montréal, QC', 'Outremont');
INSERT INTO addresses VALUES('jneVY8iAzj', 'H2V4H4', '5945 Park Ave, Montreal, QC', 'Outremont');
INSERT INTO addresses VALUES('neoJvShv5Z', 'H2V4G5', '5112 Park Ave, Montreal, QC', 'Outremont');
INSERT INTO addresses VALUES('JihKNsQ9da', 'H2T1R8', '5170 St Laurent Blvd, Montreal, QC', 'Outremont');
INSERT INTO addresses VALUES('wTv4ViGlMA', 'H2V4H1', '5742 Park Ave, Montreal, QC', 'Outremont');
INSERT INTO addresses VALUES('0NMe7aGg4q', 'H2V1V3', '1180 Bernard Ave, Outremont, QC', 'Outremont');
INSERT INTO addresses VALUES('i3cIZf78pv', 'H2V4G9', '5319 Park Ave, Montreal, QC', 'Outremont');
INSERT INTO addresses VALUES('tTtLBPzyDF', 'H4R2X7', '880 Rue Beaulac, Saint-Laurent, QC', 'Saint-Laurent');
INSERT INTO addresses VALUES('3hy8mUzycC', 'H4R1Y5', '3500 Boulevard Cote-Vertu Ouest, Saint-Laurent, QC', 'Saint-Laurent');
INSERT INTO addresses VALUES('SDMG2TZxQZ', 'H4R1P8', '3834 Boulevard Cote-Vertu Ouest ''100, Saint-Laurent, QC', 'Saint-Laurent');
INSERT INTO addresses VALUES('ulbPPq9edZ', 'H4R2X7', '3500 Boulevard Cote-Vertu Ouest, Saint-Laurent, QC', 'Saint-Laurent');
INSERT INTO addresses VALUES('AGyTEpOg1J', 'H4R1P8', '3836 Boulevard Cote-Vertu Ouest, Saint-Laurent, QC', 'Saint-Laurent');
INSERT INTO addresses VALUES('ViPUTqMe2w', 'H4R1P8', '3834 Boulevard Cote-Vertu Ouest, Saint-Laurent, QC', 'Saint-Laurent');
INSERT INTO addresses VALUES('pgW5XZCkhs', 'H4R1X4', '4000 Boulevard Thimens, Saint-Laurent, QC', 'Saint-Laurent');
INSERT INTO addresses VALUES('vV6NVyTsCJ', 'H4R1Y8', '3131 Boulevard Cote-Vertu Ouest, Saint-Laurent, QC', 'Saint-Laurent');
INSERT INTO addresses VALUES('AHWbM02669', 'H4R1R3', '3330 Boulevard Cote-Vertu Ouest, Montreal, QC', 'Saint-Laurent');
INSERT INTO addresses VALUES('CPpmdVW52o', 'H4R1P8', '3310 Boulevard Cote-Vertu Ouest, Saint-Laurent, Q', 'Saint-Laurent');
INSERT INTO addresses VALUES('ShsXrCwBYt', 'H4R2J7', '11200 Cavendish Blvd, Ville Saint-Laurent, QC', 'Saint-Laurent');
INSERT INTO addresses VALUES('OhIqfojv2x', 'H4R1Y8', '3131 Boulevard de la Côte-Vertu, Saint-Laurent, QC', 'Saint-Laurent');
INSERT INTO addresses VALUES('Gw6nxzzz7c', 'H4R1Y8', '3131 Boulevard de la Côte-Vertu, Unit ''522, La Place Vertu, Montreal, Quebec', 'Saint-Laurent');
INSERT INTO addresses VALUES('YUKwVIvYLA', 'H4R1Y8', '3131 Boulevard Cote-Vertu Ouest, Saint-Laurent, QC', 'Saint-Laurent');
INSERT INTO addresses VALUES('iqebTw0Axv', 'H4R1P8', '3600 Boulevard Cote-Vertu Ouest, Saint-Laurent, QC', 'Saint-Laurent');
INSERT INTO addresses VALUES('N6WAWwSi3c', 'H9P1A2', '3205 Boulevard Cote-Vertu Ouest, Dorval, QC', 'Saint-Laurent');
INSERT INTO addresses VALUES('muxrzQBnCm', 'H4R1Y5', '3111 Boulevard Cote-Vertu Ouest, Saint-Laurent, QC', 'Saint-Laurent');
INSERT INTO addresses VALUES('SUCQXEvsDp', 'H4R1Y5', '3131 Boulevard Cote-Vertu Ouest N13a, Saint-Laurent, QC', 'Saint-Laurent');
INSERT INTO addresses VALUES('wD3NjBC3Oe', 'H4R1Y6', '3131 Boulevard Cote-Vertu Ouest Boulevard De La Cote-vertu, Saint-Laurent, QC', 'Saint-Laurent');
INSERT INTO addresses VALUES('B25ZjrQegz', 'H4R1Y8', 'Place Vertu Shopping Center, 3131 Boulevard Cote-Vertu Ouest ''8, Saint-Laurent, QC', 'Saint-Laurent');
INSERT INTO addresses VALUES('ixT0t5S7NO', 'H4R1Y5', '3205 Boulevard Cote-Vertu Ouest, Saint-Laurent, QC', 'Saint-Laurent');
INSERT INTO addresses VALUES('lC0KchTeSB', 'H4R1R2', '3405 Boulevard Cote-Vertu Ouest, Saint-Laurent, QC', 'Saint-Laurent');
INSERT INTO addresses VALUES('sRjy1GUB0f', 'H4R1Y8', '3131 blvd. Cote Vertu, Place Vertu, Unit KT11, Saint-Laurent, Quebec', 'Saint-Laurent');
INSERT INTO addresses VALUES('jXduPf0lqj', 'H4R1Y5', '3131 Boulevard Cote-Vertu Ouest E7, Saint Laurent, QC', 'Saint-Laurent');
INSERT INTO addresses VALUES('xuvjKV9L0z', 'H4R1Y8', '3131 Boulevard Cote-Vertu Ouest, Saint-Laurent, QC', 'Saint-Laurent');
INSERT INTO addresses VALUES('MxykWjXrNh', 'H4R1Y8', 'E8, 3131 Boulevard Cote-Vertu Ouest, Saint-Laurent, Quebec', 'Saint-Laurent');
INSERT INTO addresses VALUES('RDQkmz1ILe', 'H4R1Y8', '3131 Boulevard Cote-Vertu Ouest h5, Saint-Laurent, QC', 'Saint-Laurent');
INSERT INTO addresses VALUES('1KXPQXepui', 'H4R1Y8', '3131 Boulevard Cote-Vertu Ouest J4A, Saint-Laurent, QC', 'Saint-Laurent');
INSERT INTO addresses VALUES('IZxjVwdqrf', 'H4R2B9', '4194 Bd Thimens, Saint-Laurent, QC', 'Saint-Laurent');
INSERT INTO addresses VALUES('zfS9Qb4f2F', 'H4R1Y8', '3131 Boulevard Cote-Vertu Ouest unit c30, Saint-Laurent, QC', 'Saint-Laurent');
INSERT INTO addresses VALUES('duG9oV334O', 'H4P2P5', '8250 Decarie Blvd Suite 310, Montreal, QC', 'Saint-Leonard');
INSERT INTO addresses VALUES('QOB5VQrw2q', 'H1R2B7', '9356 Boulevard Lacordaire, Saint-Léonard, QC', 'Saint-Leonard');
INSERT INTO addresses VALUES('gkhZDYPy1n', 'H1J1G3', '7079 Rue Jarry E, Anjou, QC', 'Saint-Leonard');
INSERT INTO addresses VALUES('TGYIP31a5q', 'H1T1E2', 'Rue Beaubien E, Montréal, QC', 'Saint-Leonard');
INSERT INTO addresses VALUES('5FHZCkqdmI', 'H1M1W9', '7999 Boulevard des Galeries-d''Anjou, Anjou, QC', 'Saint-Leonard');
INSERT INTO addresses VALUES('7BCL3EIjrL', 'H1J3B8', '7065 Rue Jarry E, Montréal, QC', 'Saint-Leonard');
INSERT INTO addresses VALUES('tnrsbx500m', 'H1R2B7', '9375 Boulevard Lacordaire, Saint-Léonard, QC', 'Saint-Leonard');
INSERT INTO addresses VALUES('TzNWOjrPb7', 'H1S1K4', '4845 Jean Talon St E, St. Leonard, QC', 'Saint-Leonard');
INSERT INTO addresses VALUES('0ANDaR42qL', 'H1R2A5', '8492 Boulevard Lacordaire, Saint-Léonard, QC', 'Saint-Leonard');
INSERT INTO addresses VALUES('fOrxTGvwmE', 'H1Z2H5', '4171 Rue Jarry E, Montréal, QC', 'Saint-Leonard');
INSERT INTO addresses VALUES('bWPUFNCJJW', 'H1P2B7', '8245 Boul Langelier, Saint-Léonard, QC', 'Saint-Leonard');
INSERT INTO addresses VALUES('D5swmoVIHz', 'H1P1X3', '5620 Boul Métropolitain E, Saint-Léonard, QC', 'Saint-Leonard');
INSERT INTO addresses VALUES('5AwMivIgy9', 'H1P2Y7', '8614 Boul Langelier, Saint-Léonard, QC', 'Saint-Leonard');
INSERT INTO addresses VALUES('OeFt0JRrC8', 'H1P1Y5', '8145 Rue Pascal-Gagnon, Saint-Léonard, QC', 'Saint-Leonard');
INSERT INTO addresses VALUES('Anek89wy84', 'H1P3K3', '6140 Rue Marivaux, Saint-Léonard, QC', 'Saint-Leonard');
INSERT INTO addresses VALUES('NW3N7NoZ2q', 'H1P1A2', '6150 Boulevard des Grandes-Prairies, Saint-Léonard, QC', 'Saint-Leonard');
INSERT INTO addresses VALUES('c5CAwtBEMH', 'H1P1M9', '6061 Boulevard Robert, Saint-Léonard, QC', 'Saint-Leonard');
INSERT INTO addresses VALUES('vLCsdbpOSm', 'H1P1Y1', '8395 Rue du Champ-d''Eau, Saint-Léonard, QC', 'Saint-Leonard');
INSERT INTO addresses VALUES('MqAZO4grL2', 'H1P1H7', '6245, Boul. Métropolitain Est, Marché aux Puces 5 Étoiles, St. Leonard, Quebec', 'Saint-Leonard');
INSERT INTO addresses VALUES('GnhGSRWFkU', 'H1P1X7', '6245 Boul Métropolitain E, Saint-Léonard, QC', 'Saint-Leonard');
INSERT INTO addresses VALUES('kNxTz1zUtX', 'H1S1A9', '6046 Boul Métropolitain E, Saint-Léonard, QC', 'Saint-Leonard');
INSERT INTO addresses VALUES('RivBCIq2MB', 'H1P1X7', '6245 Boul Métropolitain E, Saint-Léonard, QC', 'Saint-Leonard');
INSERT INTO addresses VALUES('lkpUpjFYXs', 'H1S1M2', '5746 Jean Talon St E, Montreal, QC', 'Saint-Leonard');
INSERT INTO addresses VALUES('eNzw9fPUCm', 'H1P1Z4', '8765 Rue Pascal-Gagnon, Saint-Léonard, QC', 'Saint-Leonard');
INSERT INTO addresses VALUES('wRQCNtc6VP', 'H1S1M2', '5866 Jean Talon St E, St. Leonard, QC', 'Saint-Leonard');
INSERT INTO addresses VALUES('sfS6gehipE', 'H1P2E1', '9180 Boul Langelier, Saint-Léonard, QC', 'Saint-Leonard');
INSERT INTO addresses VALUES('o44eI0YfmH', 'H1S1M5', '5945 Jean Talon St E, St. Leonard, QC', 'Saint-Leonard');
INSERT INTO addresses VALUES('47p4La63el', 'H1S1M6', '6025 Jean Talon St E, St. Leonard, QC', 'Saint-Leonard');
INSERT INTO addresses VALUES('H1NMmKDOmd', 'H1S1J7', '4254 Jean Talon St E, St. Leonard, QC', 'Saint-Leonard');
INSERT INTO addresses VALUES('YRXpaU9kZ2', 'H1R1Y4', '5148 Rue Jarry E, Saint-Léonard, QC', 'Saint-Leonard');
INSERT INTO addresses VALUES('0uQ1f961yg', 'H4H1P1', '5365 Boulevard LaSalle, Verdun, QC', 'Verdun');
INSERT INTO addresses VALUES('LP05ItneEk', 'H4G1V6', '4073 Wellington St, Verdun, QC', 'Verdun');
INSERT INTO addresses VALUES('zBoUXgjYfS', 'H4G1V9', '4235 Wellington St, Verdun, QC', 'Verdun');
INSERT INTO addresses VALUES('iSiZGWWKJA', 'QCH4H', '6201 Rue Bannantyne, Verdun', 'Verdun');
INSERT INTO addresses VALUES('4AXZD0DvvJ', 'H4G1Y2', '5145 Wellington St, Verdun, QC', 'Verdun');
INSERT INTO addresses VALUES('eLi171j1qI', 'H4G3G2', '5150 Boulevard LaSalle, Verdun, QC', 'Verdun');
INSERT INTO addresses VALUES('yxmu3kVUsX', 'H4H1L2', '5561 Rue de Verdun, Verdun, QC', 'Verdun');
INSERT INTO addresses VALUES('Z1uGWNSXlo', 'H4G1M5', '4650 Rue de Verdun, Verdun, Quebec', 'Verdun');
INSERT INTO addresses VALUES('vmmjyaEvqM', 'H4G2A8', '4300 Boulevard LaSalle, Verdun, QC', 'Verdun');
INSERT INTO addresses VALUES('GwsXnaYzpI', 'H4G1L2', '4123 Rue de Verdun, Verdun, QC', 'Verdun');
INSERT INTO addresses VALUES('QOHJ4vvocm', 'H4G1V3', '4050 Wellington St, Verdun, QC', 'Verdun');
INSERT INTO addresses VALUES('hSkOTQZADo', 'H4G1W6', '4425 Wellington, Montreal, QC', 'Verdun');
INSERT INTO addresses VALUES('jytnKGjvEI', 'H4G1W2', '4236 Wellington St, Verdun, QC', 'Verdun');
INSERT INTO addresses VALUES('E4L5hHezMQ', 'H4G2N5', '1088 Église St, Verdun, QC', 'Verdun');
INSERT INTO addresses VALUES('wb1QLUuyU7', 'H4H1E6', '5203 Bannantyne Ave, Verdun, QC', 'Verdun');
INSERT INTO addresses VALUES('juqPI1auMo', 'QCH4G', '4829 Wellington St, Verdun', 'Verdun');
INSERT INTO addresses VALUES('14S7osaHEf', 'H4G1V6', 'Wellington, Montreal, Quebec', 'Verdun');
INSERT INTO addresses VALUES('JlqrlabTIj', 'H4G1W5', '4448 Wellington St, Verdun, QC', 'Verdun');
INSERT INTO addresses VALUES('rczpV5Ha5Y', 'H4G2M6', '421 Église St, Verdun, QC', 'Verdun');
INSERT INTO addresses VALUES('XkGZS9NiZx', 'H4G1W3', '4363 Wellington St, Verdun, QC', 'Verdun');
INSERT INTO addresses VALUES('bMmkbWsVGa', 'H4G1G5', '5144 Bannantyne Ave, Verdun, QC', 'Verdun');
INSERT INTO addresses VALUES('q9Z1afVAnG', 'H4G1W7', '4500 Wellington St, Verdun, QC', 'Verdun');
INSERT INTO addresses VALUES('IoySkaTSsv', 'H4G1V6', '3929 Wellington St, Verdun, QC', 'Verdun');
INSERT INTO addresses VALUES('SPv4I1bSQ7', 'H4G1V6', '3913 Wellington St, Verdun, QC', 'Verdun');
INSERT INTO addresses VALUES('G18TekkoE5', 'H3E1H4', '1000 Chemin du Golf, Verdun, QC', 'Verdun');
INSERT INTO addresses VALUES('5tAIPKp7jx', 'H4G1V1', '3697 Wellington St, Verdun, QC', 'Verdun');
INSERT INTO addresses VALUES('xOU9oBGhaM', 'H4E1A4', '4000 Saint-Patrick St, Montreal, QC', 'Verdun');
INSERT INTO addresses VALUES('TqYfJjQCaF', 'H4E3N2', '5734 Rue Hadley, Montréal, QC', 'Verdun');
INSERT INTO addresses VALUES('Q8wXSJYF3N', 'H4G1T3', '3180 Wellington St, Verdun, QC', 'Verdun');
INSERT INTO addresses VALUES('4jS9wHMoOY', 'H4C2C7', '246-4710 St Ambroise St, Montreal, QC', 'Verdun');
INSERT INTO addresses VALUES('PTpmfnL4xP', 'H3B1K1', '1202 St Catherine St E, Montreal, QC', 'Ville-Marie');
INSERT INTO addresses VALUES('sEQqH4RIW7', 'H3B5E8', '1909 Avenue des Canadiens-de-Montréal, Montréal, QC', 'Ville-Marie');
INSERT INTO addresses VALUES('kWI2hztIgn', 'H3G1Z1', '1232 Mountain St, Montreal, QC', 'Ville-Marie');
INSERT INTO addresses VALUES('iGmrxQE3hR', 'H3A3C2', '505 Boulevard de Maisonneuve O, Montréal, QC', 'Ville-Marie');
INSERT INTO addresses VALUES('wa5xY3oXhr', 'H3A1T9', '801 Boulevard de Maisonneuve O, Montréal, QC', 'Ville-Marie');
INSERT INTO addresses VALUES('1WKM0yMDyh', 'H3B4G5', '705 Saint-Catherine St W, Montreal, QC', 'Ville-Marie');
INSERT INTO addresses VALUES('Ml3VWYxDeK', 'H3B3C1', '630 René-Lévesque Blvd W, Montreal, QC', 'Ville-Marie');
INSERT INTO addresses VALUES('3p0DgxoNCg', 'H3G2B8', '2020 Crescent St, Montreal, QC', 'Ville-Marie');
INSERT INTO addresses VALUES('gY47nqIxvS', 'H3G2C1', '2035 Crescent St, Montreal, QC', 'Ville-Marie');
INSERT INTO addresses VALUES('QeZIIPF7JV', 'H3B1H4', '1134 Saint-Catherine St W, Montreal, QC', 'Ville-Marie');
INSERT INTO addresses VALUES('jsyPoA7E6e', 'H3G1P1', '1230 Saint-Catherine St W, Montreal, QC', 'Ville-Marie');
INSERT INTO addresses VALUES('qDK6bBOiJv', 'H3B4C9', '1050 Rue de la Gauchetière O, Montréal, QC', 'Ville-Marie');
INSERT INTO addresses VALUES('biszpCu4uW', 'H3A0A5', '925 Boulevard de Maisonneuve O, Montréal, QC', 'Ville-Marie');
INSERT INTO addresses VALUES('FEPlwSe159', 'H3G1P7', '1321 Saint-Catherine St W, Montreal, QC', 'Ville-Marie');
INSERT INTO addresses VALUES('oU0KyiDU7t', 'H3G1R1', '1383 Saint-Catherine St W, Montreal, QC', 'Ville-Marie');
INSERT INTO addresses VALUES('XtL5tgq4Ev', 'H3A3J5', '1500 McGill College Ave, Montreal, QC', 'Ville-Marie');
INSERT INTO addresses VALUES('BZ61AkTz1y', 'H3B4G5', '705 Rue Sainte-catherine O, Ste 2142-d, Montreal, Quebec', 'Ville-Marie');
INSERT INTO addresses VALUES('QJX0dnQXhM', 'H3B3Y1', '1 Place Ville Marie, Montreal, QC', 'Ville-Marie');
INSERT INTO addresses VALUES('dlXZJYilkM', 'H3G1P3', '1255 Saint-Catherine St W, Montreal, QC', 'Ville-Marie');
INSERT INTO addresses VALUES('rtQGwblKf4', 'H3B5K4', '677 St. Catherine West, Space ''M29A, Montreal, Quebec', 'Ville-Marie');
INSERT INTO addresses VALUES('IrNScNlJik', 'H3A3J5', '1500 McGill College Ave ''239, Montreal, QC', 'Ville-Marie');
INSERT INTO addresses VALUES('vjha193S6J', 'H3G1P3', '1221 Saint-Catherine St W, Montreal, QC', 'Ville-Marie');
INSERT INTO addresses VALUES('yxWcnDCEqD', 'H5B1E9', '150 Saint-Catherine St W, Montreal, QC', 'Ville-Marie');
INSERT INTO addresses VALUES('7XpgKY1gcK', 'H3B1A6', '450 Saint-Catherine St W, Montreal, QC', 'Ville-Marie');
INSERT INTO addresses VALUES('TmaiBIBWzJ', 'H3B1H9', '1100 Saint-Catherine St W, Montreal, QC', 'Ville-Marie');
INSERT INTO addresses VALUES('vNSCpE1mUY', 'H3B4G5', '705 Saint-Catherine St W KT309, Montreal, QC', 'Ville-Marie');
INSERT INTO addresses VALUES('cp7fGjxnEz', 'H3B5K4', '677 Saint-Catherine St W, Montreal, QC', 'Ville-Marie');
INSERT INTO addresses VALUES('MiPNm3z4Om', 'H3G1P6', '1310 Saint-Catherine St W, Montreal, QC', 'Ville-Marie');
INSERT INTO addresses VALUES('Ue47XPdDXo', 'H3B1K4', '1171 Saint-Catherine St W, Montreal, QC', 'Ville-Marie');
INSERT INTO addresses VALUES('n1H47qX4Lv', 'H3B4G5', '705 Saint-Catherine St W, Montreal, QC', 'Ville-Marie');



-------------------- categories ------------------ 
INSERT INTO categories VALUES('92FzNsRVMH', NULL, NULL, NULL);
INSERT INTO categories VALUES('bOp6mDw05P', NULL, NULL, NULL);
INSERT INTO categories VALUES('9WKthnwsF2', NULL, NULL, NULL);
INSERT INTO categories VALUES('jaqABSr3Zv', NULL, NULL, 'Spicy');
INSERT INTO categories VALUES('qaomQmzAlt', 'Vegan', NULL, NULL);
INSERT INTO categories VALUES('HNpos3yqHC', NULL, NULL, NULL);
INSERT INTO categories VALUES('UfuCqD6K1A', NULL, NULL, NULL);
INSERT INTO categories VALUES('OgNhqdLJv4', 'Vegetaian', NULL, NULL);
INSERT INTO categories VALUES('A03UtM7Myx', 'Vegetaian', NULL, NULL);
INSERT INTO categories VALUES('FbMIHqwJiq', NULL, NULL, 'Spicy');
INSERT INTO categories VALUES('MZopneGsrk', 'Vegan', NULL, NULL);
INSERT INTO categories VALUES('pHu51hiiwy', 'Vegan', NULL, 'Sugar');
INSERT INTO categories VALUES('I2S6o5DtUN', NULL, NULL, NULL);
INSERT INTO categories VALUES('HRWgnBrSqk', NULL, 'European', 'Salty');
INSERT INTO categories VALUES('h0wcPvmNA7', 'Vegetaian', NULL, NULL);
INSERT INTO categories VALUES('rdvDxkJ4xx', 'Vegan', NULL, NULL);
INSERT INTO categories VALUES('8JfEMZ2YEb', NULL, NULL, NULL);
INSERT INTO categories VALUES('SuEmINS4ii', 'Meat Lover', NULL, NULL);
INSERT INTO categories VALUES('OF7e47EA90', NULL, NULL, NULL);
INSERT INTO categories VALUES('8Qeh18URWs', NULL, NULL, NULL);



-------------------- paymentMethods ------------------ 
INSERT INTO paymentMethods VALUES('h1OPkauQlV');
INSERT INTO paymentMethods VALUES('Q16uH2QdVZ');
INSERT INTO paymentMethods VALUES('F49f8whwer');
INSERT INTO paymentMethods VALUES('ShLNSbi1i8');
INSERT INTO paymentMethods VALUES('WYK9y2koBH');
INSERT INTO paymentMethods VALUES('6i2f5TXGVr');
INSERT INTO paymentMethods VALUES('wTJSwkCloG');
INSERT INTO paymentMethods VALUES('rf4jpufPgc');
INSERT INTO paymentMethods VALUES('IbGz55Kh4k');
INSERT INTO paymentMethods VALUES('V09bVPy8YS');
INSERT INTO paymentMethods VALUES('KMFjnRdHdA');
INSERT INTO paymentMethods VALUES('uIFhDI5AjW');
INSERT INTO paymentMethods VALUES('0Lq63qXlBX');
INSERT INTO paymentMethods VALUES('NpFI4hjV3d');
INSERT INTO paymentMethods VALUES('kww8m2TXUF');
INSERT INTO paymentMethods VALUES('i5yCZ9Oa9U');
INSERT INTO paymentMethods VALUES('C3pEhXuWQJ');
INSERT INTO paymentMethods VALUES('WHripjR4hr');
INSERT INTO paymentMethods VALUES('HOXERJmMKP');
INSERT INTO paymentMethods VALUES('X3k19zjEWR');
INSERT INTO paymentMethods VALUES('egF9D90Sl5');
INSERT INTO paymentMethods VALUES('TxLX90sMAx');
INSERT INTO paymentMethods VALUES('dWCs8gGkPY');
INSERT INTO paymentMethods VALUES('a4KKe1UWDH');
INSERT INTO paymentMethods VALUES('29Nn9GHG6C');
INSERT INTO paymentMethods VALUES('Pabg1yilK6');
INSERT INTO paymentMethods VALUES('Q5KaQXRmje');
INSERT INTO paymentMethods VALUES('Bw7Ei9Vhqt');
INSERT INTO paymentMethods VALUES('4OQML7rgiQ');
INSERT INTO paymentMethods VALUES('FnmoitQL4R');
INSERT INTO paymentMethods VALUES('A3u7OYUAoc');
INSERT INTO paymentMethods VALUES('faLRygaEd8');
INSERT INTO paymentMethods VALUES('whPXerVlR8');
INSERT INTO paymentMethods VALUES('mv4iAcbpTd');
INSERT INTO paymentMethods VALUES('kqgD0Y1XGC');
INSERT INTO paymentMethods VALUES('97Kuv1Rjkp');
INSERT INTO paymentMethods VALUES('kSEwxmbewY');
INSERT INTO paymentMethods VALUES('mgXN0xIp1f');
INSERT INTO paymentMethods VALUES('yQxwr6BIoF');
INSERT INTO paymentMethods VALUES('eSIZM7x7Ui');
INSERT INTO paymentMethods VALUES('HVOddScuPu');
INSERT INTO paymentMethods VALUES('rKr0LAmnRq');
INSERT INTO paymentMethods VALUES('nn5Z8DjNkS');
INSERT INTO paymentMethods VALUES('FxuUWU5xZ0');
INSERT INTO paymentMethods VALUES('SaIyx8AdLk');
INSERT INTO paymentMethods VALUES('e7gSHp9zyE');
INSERT INTO paymentMethods VALUES('O1Psy5oqPi');
INSERT INTO paymentMethods VALUES('vpB5GRPEvl');
INSERT INTO paymentMethods VALUES('SqtoZwpB81');
INSERT INTO paymentMethods VALUES('8LI6jbs9aL');
INSERT INTO paymentMethods VALUES('MVwRFbvu85');
INSERT INTO paymentMethods VALUES('ihH4O6YElj');
INSERT INTO paymentMethods VALUES('2FZAVH9QD9');
INSERT INTO paymentMethods VALUES('VqSG5XeVkA');
INSERT INTO paymentMethods VALUES('aldR3JBaoi');
INSERT INTO paymentMethods VALUES('2RgBu7qJmw');
INSERT INTO paymentMethods VALUES('4uEhRzwocC');
INSERT INTO paymentMethods VALUES('rhe1pbcOaQ');
INSERT INTO paymentMethods VALUES('WyLp7KYxUO');
INSERT INTO paymentMethods VALUES('s8xJ4zWWaY');
INSERT INTO paymentMethods VALUES('Q4ZliOYzY3');
INSERT INTO paymentMethods VALUES('XT303ljffq');
INSERT INTO paymentMethods VALUES('4OpNtoTp5I');
INSERT INTO paymentMethods VALUES('qRyzXLd2Dz');
INSERT INTO paymentMethods VALUES('B8WfIHt8hm');
INSERT INTO paymentMethods VALUES('QbEx3OabfW');
INSERT INTO paymentMethods VALUES('SM3owvwg3A');
INSERT INTO paymentMethods VALUES('I5HEOeDf1G');
INSERT INTO paymentMethods VALUES('tCysEg4fZj');
INSERT INTO paymentMethods VALUES('0G4q9o0NII');
INSERT INTO paymentMethods VALUES('SNq49RM5HC');
INSERT INTO paymentMethods VALUES('nEfYXCy1YK');
INSERT INTO paymentMethods VALUES('UAaXuGR0MM');
INSERT INTO paymentMethods VALUES('x817SmWHns');
INSERT INTO paymentMethods VALUES('n6nGp5CdQL');
INSERT INTO paymentMethods VALUES('EslngImyUU');
INSERT INTO paymentMethods VALUES('qqXLA1qGXR');
INSERT INTO paymentMethods VALUES('cJBgv3964W');
INSERT INTO paymentMethods VALUES('9Bn1iEp1oz');
INSERT INTO paymentMethods VALUES('WXgQX8mKCF');
INSERT INTO paymentMethods VALUES('pEthN0XHez');
INSERT INTO paymentMethods VALUES('KvMRkYaSWq');
INSERT INTO paymentMethods VALUES('VERFGhZhDT');
INSERT INTO paymentMethods VALUES('V9627apzWX');
INSERT INTO paymentMethods VALUES('2GxLDJrSAh');
INSERT INTO paymentMethods VALUES('3eDrM6I9Wt');
INSERT INTO paymentMethods VALUES('jqoJbvpbCZ');
INSERT INTO paymentMethods VALUES('50MEW7yVgp');
INSERT INTO paymentMethods VALUES('I07mTDrdni');
INSERT INTO paymentMethods VALUES('4CCmRCesov');
INSERT INTO paymentMethods VALUES('rnsNc6RO1B');
INSERT INTO paymentMethods VALUES('LVOJLmXFBQ');
INSERT INTO paymentMethods VALUES('sQr0yGDYYQ');
INSERT INTO paymentMethods VALUES('fnUIXD72fq');
INSERT INTO paymentMethods VALUES('Sf2NYpso7B');
INSERT INTO paymentMethods VALUES('eTsUODZzGQ');
INSERT INTO paymentMethods VALUES('dlo9rgyWJV');
INSERT INTO paymentMethods VALUES('L5vmGAqnqU');
INSERT INTO paymentMethods VALUES('S2cuMtGBgU');
INSERT INTO paymentMethods VALUES('0abv0IGOIw');
INSERT INTO paymentMethods VALUES('crg0zV9Gu8');
INSERT INTO paymentMethods VALUES('5IV547vxjn');
INSERT INTO paymentMethods VALUES('WLgH14shco');
INSERT INTO paymentMethods VALUES('B1EbziOWsB');
INSERT INTO paymentMethods VALUES('DEhpuFAdyh');
INSERT INTO paymentMethods VALUES('3HgBeQTYLA');
INSERT INTO paymentMethods VALUES('LWaHJO3PDb');
INSERT INTO paymentMethods VALUES('9vUk70A6LW');
INSERT INTO paymentMethods VALUES('NO6XXOJK2I');
INSERT INTO paymentMethods VALUES('kJDFEBwgme');
INSERT INTO paymentMethods VALUES('W1kYb52Z86');
INSERT INTO paymentMethods VALUES('OlXTzSoXgu');
INSERT INTO paymentMethods VALUES('gB7jw5OLo4');
INSERT INTO paymentMethods VALUES('heUx57N7kA');
INSERT INTO paymentMethods VALUES('YfcHszJwhl');
INSERT INTO paymentMethods VALUES('aaDaGCfo2v');
INSERT INTO paymentMethods VALUES('RITkEAI7lg');
INSERT INTO paymentMethods VALUES('g8X8VBbGYF');
INSERT INTO paymentMethods VALUES('BVKGRpaVO1');
INSERT INTO paymentMethods VALUES('VQtQxZKnEA');
INSERT INTO paymentMethods VALUES('r5yUa2Pb2W');
INSERT INTO paymentMethods VALUES('PM0LQFh8W8');
INSERT INTO paymentMethods VALUES('Hc4FVUlrEo');
INSERT INTO paymentMethods VALUES('9CGhiikIPK');
INSERT INTO paymentMethods VALUES('MtDmBJDlU5');
INSERT INTO paymentMethods VALUES('pZbhMLYzkb');
INSERT INTO paymentMethods VALUES('VXy0RoiZQa');
INSERT INTO paymentMethods VALUES('S1ZsIrLtpj');
INSERT INTO paymentMethods VALUES('BOSwrfVMDN');
INSERT INTO paymentMethods VALUES('6Ncx9jdYkL');
INSERT INTO paymentMethods VALUES('LIsX6ZX7Td');
INSERT INTO paymentMethods VALUES('RrFHBnl1q4');
INSERT INTO paymentMethods VALUES('Rss5QJ7xO3');
INSERT INTO paymentMethods VALUES('b4HsCpFKdz');
INSERT INTO paymentMethods VALUES('HvxKNzGp3w');
INSERT INTO paymentMethods VALUES('qwIQJnYdkr');
INSERT INTO paymentMethods VALUES('TImvt07gz2');
INSERT INTO paymentMethods VALUES('ZcIZz9EWbj');
INSERT INTO paymentMethods VALUES('t97ySNfi65');
INSERT INTO paymentMethods VALUES('ssTCw2DiLN');
INSERT INTO paymentMethods VALUES('FHoZO7ZeEs');
INSERT INTO paymentMethods VALUES('TstrlhGQn8');
INSERT INTO paymentMethods VALUES('hYppqwJLMz');
INSERT INTO paymentMethods VALUES('VMPEKcwZRh');
INSERT INTO paymentMethods VALUES('wrj0HZo09Z');
INSERT INTO paymentMethods VALUES('k1k7wQ1vNM');
INSERT INTO paymentMethods VALUES('WFhGQZHT7e');
INSERT INTO paymentMethods VALUES('oSrWAp8odj');
INSERT INTO paymentMethods VALUES('8jeYbLBy09');
INSERT INTO paymentMethods VALUES('qATCIjh607');
INSERT INTO paymentMethods VALUES('jaWnJpe2T8');
INSERT INTO paymentMethods VALUES('xf23UK8qDO');
INSERT INTO paymentMethods VALUES('n0HO7BBfFj');
INSERT INTO paymentMethods VALUES('wQBEe1htwf');
INSERT INTO paymentMethods VALUES('uwQxuKrkW0');
INSERT INTO paymentMethods VALUES('vPFm6EOf1Y');
INSERT INTO paymentMethods VALUES('LBQaMAxQSX');
INSERT INTO paymentMethods VALUES('8bKuI4awL7');
INSERT INTO paymentMethods VALUES('y09EF4DhbB');
INSERT INTO paymentMethods VALUES('KfcnDT89Ey');
INSERT INTO paymentMethods VALUES('wOWvAsAGn5');
INSERT INTO paymentMethods VALUES('qMvOd0PUYb');
INSERT INTO paymentMethods VALUES('Nxf4GqjBzz');
INSERT INTO paymentMethods VALUES('UwetotvTaa');
INSERT INTO paymentMethods VALUES('df7e70GwVX');
INSERT INTO paymentMethods VALUES('y4pg5LJgeu');
INSERT INTO paymentMethods VALUES('ZystsbEybH');
INSERT INTO paymentMethods VALUES('vKqLoxOPIW');
INSERT INTO paymentMethods VALUES('D8xUMxYmXO');
INSERT INTO paymentMethods VALUES('8lDPcMmv95');
INSERT INTO paymentMethods VALUES('6uG8TFlxvh');
INSERT INTO paymentMethods VALUES('crX0CMeJNn');
INSERT INTO paymentMethods VALUES('GP5uJ3tbM9');
INSERT INTO paymentMethods VALUES('DctcPRzpSu');
INSERT INTO paymentMethods VALUES('S0j04gvSKc');
INSERT INTO paymentMethods VALUES('Ct1uW5eBnn');
INSERT INTO paymentMethods VALUES('ZJEbJPVxnl');
INSERT INTO paymentMethods VALUES('l0t6upE6Pr');
INSERT INTO paymentMethods VALUES('xKkoeV7BRS');
INSERT INTO paymentMethods VALUES('r3oef16NhR');
INSERT INTO paymentMethods VALUES('O0BOCXliMC');
INSERT INTO paymentMethods VALUES('BzOjPoZkqF');
INSERT INTO paymentMethods VALUES('zXdPNT55Dz');
INSERT INTO paymentMethods VALUES('9ExAdtaLZT');
INSERT INTO paymentMethods VALUES('HLXpjgECDI');
INSERT INTO paymentMethods VALUES('Q16wM83Gp1');
INSERT INTO paymentMethods VALUES('x9PUKDPGis');
INSERT INTO paymentMethods VALUES('DJajGAfT4H');
INSERT INTO paymentMethods VALUES('yofy1aZUyr');
INSERT INTO paymentMethods VALUES('3ua2GIxGAK');
INSERT INTO paymentMethods VALUES('0VTmTJQ9SC');
INSERT INTO paymentMethods VALUES('1c2PT1K3KD');
INSERT INTO paymentMethods VALUES('hM1aQB3wGh');
INSERT INTO paymentMethods VALUES('QTEpiGPs0J');
INSERT INTO paymentMethods VALUES('jasraB0QkR');
INSERT INTO paymentMethods VALUES('9lXMBVM6EH');
INSERT INTO paymentMethods VALUES('X6wr6Eg55s');
INSERT INTO paymentMethods VALUES('IQCdFo6z16');
INSERT INTO paymentMethods VALUES('7bmXh1CZLG');
INSERT INTO paymentMethods VALUES('cCPkgp4dhW');
INSERT INTO paymentMethods VALUES('IUiRg70BUH');
INSERT INTO paymentMethods VALUES('fXDsUv3kvN');



-------------------- customers ------------------ 
INSERT INTO customers VALUES('5143809594', 'Dana Gutkowski', 0, 'h1OPkauQlV');
INSERT INTO customers VALUES('5145234586', 'Verda West', 0, 'F49f8whwer');
INSERT INTO customers VALUES('5148763252', 'Shanelle Mertz', 0, '6i2f5TXGVr');
INSERT INTO customers VALUES('5140040461', 'Lon Schaefer', 0, 'rf4jpufPgc');
INSERT INTO customers VALUES('5146532299', 'Liana Predovic', 0, 'V09bVPy8YS');
INSERT INTO customers VALUES('5144065323', 'Miss Carol Hauck', 0, '0Lq63qXlBX');
INSERT INTO customers VALUES('5149707682', 'Dan Konopelski', 0, 'i5yCZ9Oa9U');
INSERT INTO customers VALUES('5142229540', 'Wilmer Kuhic', 0, 'WHripjR4hr');
INSERT INTO customers VALUES('5143260839', 'Cheyanne Kozey', 0, 'X3k19zjEWR');
INSERT INTO customers VALUES('5142455267', 'Jarrod Tillman V', 0, 'TxLX90sMAx');
INSERT INTO customers VALUES('5145347464', 'Mack Bahringer', 0, 'a4KKe1UWDH');
INSERT INTO customers VALUES('5148973301', 'Jewel Corwin', 0, '29Nn9GHG6C');
INSERT INTO customers VALUES('5142475072', 'Benjamin Rutherford', 0, 'Pabg1yilK6');
INSERT INTO customers VALUES('5144632359', 'Brant Stanton', 0, 'Q5KaQXRmje');
INSERT INTO customers VALUES('5146723263', 'Greta O''Conner', 0, '4OQML7rgiQ');
INSERT INTO customers VALUES('5144836774', 'Dedrick Kessler', 0, 'FnmoitQL4R');
INSERT INTO customers VALUES('5148437242', 'Meggie Purdy', 0, 'faLRygaEd8');
INSERT INTO customers VALUES('5147122821', 'Eleanora Terry', 0, 'mv4iAcbpTd');
INSERT INTO customers VALUES('5141440032', 'Rasheed Mohr', 0, 'kqgD0Y1XGC');
INSERT INTO customers VALUES('5148508718', 'Nicola Lind', 0, 'kSEwxmbewY');
INSERT INTO customers VALUES('5142226523', 'Kim Bradtke', 0, 'eSIZM7x7Ui');
INSERT INTO customers VALUES('5149940635', 'Mervin Schinner', 0, 'nn5Z8DjNkS');
INSERT INTO customers VALUES('5148880182', 'Elvie Dare', 0, 'SaIyx8AdLk');
INSERT INTO customers VALUES('5148874900', 'Irwin Kovacek', 0, 'vpB5GRPEvl');
INSERT INTO customers VALUES('5142446622', 'Kiera Rosenbaum', 0, 'SqtoZwpB81');
INSERT INTO customers VALUES('5141967004', 'Dr. Alexa Thiel', 0, 'MVwRFbvu85');
INSERT INTO customers VALUES('5146892832', 'Aaron Runte', 0, 'ihH4O6YElj');
INSERT INTO customers VALUES('5149146465', 'Rubye Runolfsson', 0, 'aldR3JBaoi');
INSERT INTO customers VALUES('5149675475', 'Buford Conn', 0, '2RgBu7qJmw');
INSERT INTO customers VALUES('5148808748', 'Miss Wallace Satterfield', 0, '4uEhRzwocC');
INSERT INTO customers VALUES('5140818039', 'Miles Hermann', 0, 'rhe1pbcOaQ');
INSERT INTO customers VALUES('5143450263', 'Furman Haag', 0, 'Q4ZliOYzY3');
INSERT INTO customers VALUES('5144394555', 'Gene Medhurst', 0, 'qRyzXLd2Dz');
INSERT INTO customers VALUES('5148363370', 'Harvey Hegmann V', 0, 'B8WfIHt8hm');
INSERT INTO customers VALUES('5149717499', 'Marielle Rolfson III', 0, 'QbEx3OabfW');
INSERT INTO customers VALUES('5147292989', 'Marianne Strosin', 0, 'tCysEg4fZj');
INSERT INTO customers VALUES('5146933153', 'Mr. Brady Prohaska', 0, 'SNq49RM5HC');
INSERT INTO customers VALUES('5143853646', 'Mallory Hoppe', 0, 'x817SmWHns');
INSERT INTO customers VALUES('5149520879', 'Maya Padberg', 0, 'qqXLA1qGXR');
INSERT INTO customers VALUES('5147942248', 'Abel Durgan', 0, '9Bn1iEp1oz');
INSERT INTO customers VALUES('5146173456', 'Raina Nienow', 0, 'WXgQX8mKCF');
INSERT INTO customers VALUES('5146139110', 'Kelly Weimann', 0, 'pEthN0XHez');
INSERT INTO customers VALUES('5149517857', 'Ova Lockman', 0, 'VERFGhZhDT');
INSERT INTO customers VALUES('5141124862', 'Genevieve Mitchell', 0, '2GxLDJrSAh');
INSERT INTO customers VALUES('5143831621', 'Alexie McDermott', 0, 'jqoJbvpbCZ');
INSERT INTO customers VALUES('5141848033', 'Katlyn Christiansen', 0, 'I07mTDrdni');
INSERT INTO customers VALUES('5143270113', 'Madyson Trantow', 0, '4CCmRCesov');
INSERT INTO customers VALUES('5140958061', 'Cathrine Lueilwitz', 0, 'LVOJLmXFBQ');
INSERT INTO customers VALUES('5147413288', 'Betty Johns II', 0, 'Sf2NYpso7B');
INSERT INTO customers VALUES('5149371920', 'Tre Kessler IV', 0, 'dlo9rgyWJV');
INSERT INTO customers VALUES('5145103381', 'Miss Karianne Bashirian', 0, 'L5vmGAqnqU');
INSERT INTO customers VALUES('5148743093', 'Yazmin Miller', 0, 'S2cuMtGBgU');
INSERT INTO customers VALUES('5146996349', 'Jaleel Feil', 0, '5IV547vxjn');
INSERT INTO customers VALUES('5144360846', 'Jennyfer Labadie', 0, 'B1EbziOWsB');
INSERT INTO customers VALUES('5148545320', 'Clyde McLaughlin', 0, 'LWaHJO3PDb');
INSERT INTO customers VALUES('5145714236', 'Maurine Trantow', 0, 'NO6XXOJK2I');
INSERT INTO customers VALUES('5148928758', 'Coty Erdman', 0, 'OlXTzSoXgu');
INSERT INTO customers VALUES('5144993198', 'Dorothy Muller', 0, 'gB7jw5OLo4');
INSERT INTO customers VALUES('5143684774', 'Camille Cormier', 0, 'heUx57N7kA');
INSERT INTO customers VALUES('5142053093', 'Gabrielle Abshire', 0, 'aaDaGCfo2v');
INSERT INTO customers VALUES('5149223187', 'Mr. Elisabeth Rolfson', 0, 'RITkEAI7lg');
INSERT INTO customers VALUES('5144373350', 'Joanie O''Kon V', 0, 'VQtQxZKnEA');
INSERT INTO customers VALUES('5140690913', 'Delia Runolfsson', 0, 'PM0LQFh8W8');
INSERT INTO customers VALUES('5149961674', 'Roma Gaylord', 0, '9CGhiikIPK');
INSERT INTO customers VALUES('5146508660', 'Jovany Schulist', 0, 'pZbhMLYzkb');
INSERT INTO customers VALUES('5148198376', 'Frida Beier', 0, 'S1ZsIrLtpj');
INSERT INTO customers VALUES('5142402281', 'Mina Christiansen', 0, 'LIsX6ZX7Td');
INSERT INTO customers VALUES('5143619646', 'Maritza Zboncak', 0, 'RrFHBnl1q4');
INSERT INTO customers VALUES('5145298983', 'Nola Nitzsche', 0, 'HvxKNzGp3w');
INSERT INTO customers VALUES('5147145596', 'Kendrick Hauck MD', 0, 'TImvt07gz2');
INSERT INTO customers VALUES('5141242451', 'Kari Stracke', 0, 'ZcIZz9EWbj');
INSERT INTO customers VALUES('5148258693', 'Allie McClure III', 0, 'FHoZO7ZeEs');
INSERT INTO customers VALUES('5141062122', 'Ms. Hadley Buckridge', 0, 'VMPEKcwZRh');
INSERT INTO customers VALUES('5144197578', 'Mr. Rocio Fay', 0, 'WFhGQZHT7e');
INSERT INTO customers VALUES('5146329780', 'Adolph Powlowski', 0, 'oSrWAp8odj');
INSERT INTO customers VALUES('5141416347', 'Damon Turner Sr.', 0, '8jeYbLBy09');
INSERT INTO customers VALUES('5147133236', 'Dr. Marianne Rogahn', 0, 'jaWnJpe2T8');
INSERT INTO customers VALUES('5143498198', 'Rosario Bayer', 0, 'wQBEe1htwf');
INSERT INTO customers VALUES('5146187344', 'Justen Powlowski', 0, 'uwQxuKrkW0');
INSERT INTO customers VALUES('5146717198', 'Dr. Russ Beatty', 0, '8bKuI4awL7');
INSERT INTO customers VALUES('5148938350', 'Cyril Herzog V', 0, 'y09EF4DhbB');
INSERT INTO customers VALUES('5141747138', 'Ashlynn Frami', 0, 'KfcnDT89Ey');
INSERT INTO customers VALUES('5144885864', 'Lazaro Gerlach', 0, 'Nxf4GqjBzz');
INSERT INTO customers VALUES('5144591359', 'Gabriella Stehr', 0, 'UwetotvTaa');
INSERT INTO customers VALUES('5143860065', 'Kailey Marquardt DVM', 0, 'ZystsbEybH');
INSERT INTO customers VALUES('5144268858', 'Freda Lowe', 0, '8lDPcMmv95');
INSERT INTO customers VALUES('5143466070', 'Mr. Hope Parker', 0, 'GP5uJ3tbM9');
INSERT INTO customers VALUES('5143393136', 'Kimberly Tromp', 0, 'DctcPRzpSu');
INSERT INTO customers VALUES('5146371409', 'Garth Bernier IV', 0, 'ZJEbJPVxnl');
INSERT INTO customers VALUES('5142107969', 'Isaac Schmitt', 0, 'xKkoeV7BRS');
INSERT INTO customers VALUES('5141068668', 'Clifford Morar', 0, 'BzOjPoZkqF');
INSERT INTO customers VALUES('5144630225', 'Ms. Christophe Nolan', 0, 'zXdPNT55Dz');
INSERT INTO customers VALUES('5149234493', 'Miss Emery Dare', 0, 'HLXpjgECDI');
INSERT INTO customers VALUES('5146887512', 'Paris Greenholt DVM', 0, 'DJajGAfT4H');
INSERT INTO customers VALUES('5142640723', 'Daisy Wisozk', 0, 'yofy1aZUyr');
INSERT INTO customers VALUES('5145631774', 'Scotty Runolfsson', 0, '1c2PT1K3KD');
INSERT INTO customers VALUES('5148799849', 'Donna Thompson', 0, 'QTEpiGPs0J');
INSERT INTO customers VALUES('5141339392', 'Mr. Garfield Bailey', 0, '9lXMBVM6EH');
INSERT INTO customers VALUES('5147963102', 'Parker Bergnaum', 0, '7bmXh1CZLG');
INSERT INTO customers VALUES('5146559745', 'Florida Ankunding', 0, 'IUiRg70BUH');



-------------------- creditCards ------------------ 
INSERT INTO creditCards VALUES('Q16uH2QdVZ', '063809472468', '2018-8-15', 'Dana Gutkowski');
INSERT INTO creditCards VALUES('ShLNSbi1i8', '693562503623', '2020-12-9', 'Verda West');
INSERT INTO creditCards VALUES('WYK9y2koBH', '963328330878', '2019-4-16', 'Verda West');
INSERT INTO creditCards VALUES('wTJSwkCloG', '633625000508', '2021-11-11', 'Shanelle Mertz');
INSERT INTO creditCards VALUES('IbGz55Kh4k', '826835295297', '2021-11-24', 'Lon Schaefer');
INSERT INTO creditCards VALUES('KMFjnRdHdA', '170824822810', '2020-1-23', 'Liana Predovic');
INSERT INTO creditCards VALUES('uIFhDI5AjW', '865273385094', '2018-7-28', 'Liana Predovic');
INSERT INTO creditCards VALUES('NpFI4hjV3d', '741619613891', '2021-10-19', 'Miss Carol Hauck');
INSERT INTO creditCards VALUES('kww8m2TXUF', '831654235022', '2021-6-12', 'Miss Carol Hauck');
INSERT INTO creditCards VALUES('C3pEhXuWQJ', '130990359382', '2021-3-6', 'Dan Konopelski');
INSERT INTO creditCards VALUES('HOXERJmMKP', '188886721127', '2020-11-2', 'Wilmer Kuhic');
INSERT INTO creditCards VALUES('egF9D90Sl5', '170630735408', '2021-6-8', 'Cheyanne Kozey');
INSERT INTO creditCards VALUES('dWCs8gGkPY', '561634720996', '2018-2-4', 'Jarrod Tillman V');
INSERT INTO creditCards VALUES('Bw7Ei9Vhqt', '217405214483', '2020-2-24', 'Brant Stanton');
INSERT INTO creditCards VALUES('A3u7OYUAoc', '910540002169', '2019-10-28', 'Dedrick Kessler');
INSERT INTO creditCards VALUES('whPXerVlR8', '808292961830', '2020-8-23', 'Meggie Purdy');
INSERT INTO creditCards VALUES('97Kuv1Rjkp', '781344763725', '2021-11-23', 'Rasheed Mohr');
INSERT INTO creditCards VALUES('mgXN0xIp1f', '204435950411', '2018-8-29', 'Nicola Lind');
INSERT INTO creditCards VALUES('yQxwr6BIoF', '998709491326', '2021-8-20', 'Nicola Lind');
INSERT INTO creditCards VALUES('HVOddScuPu', '252812179083', '2018-8-19', 'Kim Bradtke');
INSERT INTO creditCards VALUES('rKr0LAmnRq', '610007244076', '2019-1-7', 'Kim Bradtke');
INSERT INTO creditCards VALUES('FxuUWU5xZ0', '343384009685', '2020-2-6', 'Mervin Schinner');
INSERT INTO creditCards VALUES('e7gSHp9zyE', '731364310156', '2020-12-12', 'Elvie Dare');
INSERT INTO creditCards VALUES('O1Psy5oqPi', '143116200645', '2020-8-28', 'Elvie Dare');
INSERT INTO creditCards VALUES('8LI6jbs9aL', '755571765066', '2021-6-23', 'Kiera Rosenbaum');
INSERT INTO creditCards VALUES('2FZAVH9QD9', '459506825045', '2019-5-15', 'Aaron Runte');
INSERT INTO creditCards VALUES('VqSG5XeVkA', '051588035359', '2019-1-21', 'Aaron Runte');
INSERT INTO creditCards VALUES('WyLp7KYxUO', '311224773234', '2019-5-20', 'Miles Hermann');
INSERT INTO creditCards VALUES('s8xJ4zWWaY', '790485620747', '2021-3-23', 'Miles Hermann');
INSERT INTO creditCards VALUES('XT303ljffq', '271654226732', '2018-10-18', 'Furman Haag');
INSERT INTO creditCards VALUES('4OpNtoTp5I', '496991131894', '2019-3-18', 'Furman Haag');
INSERT INTO creditCards VALUES('SM3owvwg3A', '169628305115', '2018-5-26', 'Marielle Rolfson III');
INSERT INTO creditCards VALUES('I5HEOeDf1G', '387850870279', '2021-12-21', 'Marielle Rolfson III');
INSERT INTO creditCards VALUES('0G4q9o0NII', '472178808967', '2021-6-8', 'Marianne Strosin');
INSERT INTO creditCards VALUES('nEfYXCy1YK', '567913991016', '2021-3-18', 'Mr. Brady Prohaska');
INSERT INTO creditCards VALUES('UAaXuGR0MM', '056876266119', '2020-3-29', 'Mr. Brady Prohaska');
INSERT INTO creditCards VALUES('n6nGp5CdQL', '924230772460', '2018-7-18', 'Mallory Hoppe');
INSERT INTO creditCards VALUES('EslngImyUU', '488086054821', '2020-10-3', 'Mallory Hoppe');
INSERT INTO creditCards VALUES('cJBgv3964W', '602989035118', '2020-5-24', 'Maya Padberg');
INSERT INTO creditCards VALUES('KvMRkYaSWq', '813611744053', '2020-1-20', 'Kelly Weimann');
INSERT INTO creditCards VALUES('V9627apzWX', '903379994932', '2018-11-24', 'Ova Lockman');
INSERT INTO creditCards VALUES('3eDrM6I9Wt', '667043414197', '2020-2-18', 'Genevieve Mitchell');
INSERT INTO creditCards VALUES('50MEW7yVgp', '120936542356', '2018-3-25', 'Alexie McDermott');
INSERT INTO creditCards VALUES('rnsNc6RO1B', '861013292881', '2019-6-21', 'Madyson Trantow');
INSERT INTO creditCards VALUES('sQr0yGDYYQ', '179156454854', '2021-5-18', 'Cathrine Lueilwitz');
INSERT INTO creditCards VALUES('fnUIXD72fq', '910587892946', '2019-12-27', 'Cathrine Lueilwitz');
INSERT INTO creditCards VALUES('eTsUODZzGQ', '011131947538', '2020-5-19', 'Betty Johns II');
INSERT INTO creditCards VALUES('0abv0IGOIw', '603885830454', '2020-10-13', 'Yazmin Miller');
INSERT INTO creditCards VALUES('crg0zV9Gu8', '079786981093', '2018-5-16', 'Yazmin Miller');
INSERT INTO creditCards VALUES('WLgH14shco', '730495742889', '2019-6-29', 'Jaleel Feil');
INSERT INTO creditCards VALUES('DEhpuFAdyh', '869512549646', '2019-2-23', 'Jennyfer Labadie');
INSERT INTO creditCards VALUES('3HgBeQTYLA', '164741389362', '2020-6-10', 'Jennyfer Labadie');
INSERT INTO creditCards VALUES('9vUk70A6LW', '072172942334', '2021-2-9', 'Clyde McLaughlin');
INSERT INTO creditCards VALUES('kJDFEBwgme', '156306969313', '2019-10-19', 'Maurine Trantow');
INSERT INTO creditCards VALUES('W1kYb52Z86', '563585680981', '2019-11-17', 'Maurine Trantow');
INSERT INTO creditCards VALUES('YfcHszJwhl', '470058805766', '2019-7-20', 'Camille Cormier');
INSERT INTO creditCards VALUES('g8X8VBbGYF', '734404364845', '2018-9-5', 'Mr. Elisabeth Rolfson');
INSERT INTO creditCards VALUES('BVKGRpaVO1', '391779881295', '2019-10-19', 'Mr. Elisabeth Rolfson');
INSERT INTO creditCards VALUES('r5yUa2Pb2W', '952390444297', '2020-5-12', 'Joanie O''Kon V');
INSERT INTO creditCards VALUES('Hc4FVUlrEo', '541404236258', '2018-8-24', 'Delia Runolfsson');
INSERT INTO creditCards VALUES('MtDmBJDlU5', '056113985374', '2021-4-24', 'Roma Gaylord');
INSERT INTO creditCards VALUES('VXy0RoiZQa', '888124789435', '2019-9-9', 'Jovany Schulist');
INSERT INTO creditCards VALUES('BOSwrfVMDN', '420067696354', '2020-10-16', 'Frida Beier');
INSERT INTO creditCards VALUES('6Ncx9jdYkL', '668695149842', '2018-8-22', 'Frida Beier');
INSERT INTO creditCards VALUES('Rss5QJ7xO3', '731216183199', '2018-3-2', 'Maritza Zboncak');
INSERT INTO creditCards VALUES('b4HsCpFKdz', '576750010426', '2021-4-10', 'Maritza Zboncak');
INSERT INTO creditCards VALUES('qwIQJnYdkr', '735835758551', '2020-11-15', 'Nola Nitzsche');
INSERT INTO creditCards VALUES('t97ySNfi65', '342859026970', '2021-4-29', 'Kari Stracke');
INSERT INTO creditCards VALUES('ssTCw2DiLN', '962253229572', '2020-12-10', 'Kari Stracke');
INSERT INTO creditCards VALUES('TstrlhGQn8', '660286195204', '2020-1-13', 'Allie McClure III');
INSERT INTO creditCards VALUES('hYppqwJLMz', '735856181236', '2020-12-8', 'Allie McClure III');
INSERT INTO creditCards VALUES('wrj0HZo09Z', '717647688891', '2021-8-20', 'Ms. Hadley Buckridge');
INSERT INTO creditCards VALUES('k1k7wQ1vNM', '043646624539', '2018-6-13', 'Ms. Hadley Buckridge');
INSERT INTO creditCards VALUES('qATCIjh607', '739177107561', '2019-12-20', 'Damon Turner Sr.');
INSERT INTO creditCards VALUES('xf23UK8qDO', '285458670089', '2020-8-15', 'Dr. Marianne Rogahn');
INSERT INTO creditCards VALUES('n0HO7BBfFj', '875817873553', '2019-12-7', 'Dr. Marianne Rogahn');
INSERT INTO creditCards VALUES('vPFm6EOf1Y', '570095500113', '2021-1-16', 'Justen Powlowski');
INSERT INTO creditCards VALUES('LBQaMAxQSX', '002265997754', '2018-6-1', 'Justen Powlowski');
INSERT INTO creditCards VALUES('wOWvAsAGn5', '980002323435', '2021-3-26', 'Ashlynn Frami');
INSERT INTO creditCards VALUES('qMvOd0PUYb', '579050460683', '2020-9-1', 'Ashlynn Frami');
INSERT INTO creditCards VALUES('df7e70GwVX', '729979626381', '2020-11-25', 'Gabriella Stehr');
INSERT INTO creditCards VALUES('y4pg5LJgeu', '061178930312', '2018-3-2', 'Gabriella Stehr');
INSERT INTO creditCards VALUES('vKqLoxOPIW', '658806364963', '2018-10-26', 'Kailey Marquardt DVM');
INSERT INTO creditCards VALUES('D8xUMxYmXO', '013033720569', '2021-2-22', 'Kailey Marquardt DVM');
INSERT INTO creditCards VALUES('6uG8TFlxvh', '920015024462', '2020-9-2', 'Freda Lowe');
INSERT INTO creditCards VALUES('crX0CMeJNn', '821057556880', '2021-2-21', 'Freda Lowe');
INSERT INTO creditCards VALUES('S0j04gvSKc', '296259561930', '2020-7-16', 'Kimberly Tromp');
INSERT INTO creditCards VALUES('Ct1uW5eBnn', '806417633111', '2020-5-29', 'Kimberly Tromp');
INSERT INTO creditCards VALUES('l0t6upE6Pr', '397793971979', '2021-4-6', 'Garth Bernier IV');
INSERT INTO creditCards VALUES('r3oef16NhR', '893382751795', '2019-1-14', 'Isaac Schmitt');
INSERT INTO creditCards VALUES('O0BOCXliMC', '985257537329', '2021-7-27', 'Isaac Schmitt');
INSERT INTO creditCards VALUES('9ExAdtaLZT', '471294378718', '2018-1-4', 'Ms. Christophe Nolan');
INSERT INTO creditCards VALUES('Q16wM83Gp1', '603544060707', '2021-4-7', 'Miss Emery Dare');
INSERT INTO creditCards VALUES('x9PUKDPGis', '138063893302', '2020-1-27', 'Miss Emery Dare');
INSERT INTO creditCards VALUES('3ua2GIxGAK', '455947913989', '2018-8-25', 'Daisy Wisozk');
INSERT INTO creditCards VALUES('0VTmTJQ9SC', '115281475783', '2020-5-24', 'Daisy Wisozk');
INSERT INTO creditCards VALUES('hM1aQB3wGh', '441090449139', '2020-11-26', 'Scotty Runolfsson');
INSERT INTO creditCards VALUES('jasraB0QkR', '194757976969', '2018-12-14', 'Donna Thompson');
INSERT INTO creditCards VALUES('X6wr6Eg55s', '788742510972', '2019-8-22', 'Mr. Garfield Bailey');
INSERT INTO creditCards VALUES('IQCdFo6z16', '484575373711', '2021-5-10', 'Mr. Garfield Bailey');
INSERT INTO creditCards VALUES('cCPkgp4dhW', '757309780324', '2020-11-24', 'Parker Bergnaum');
INSERT INTO creditCards VALUES('fXDsUv3kvN', '824832082335', '2019-3-11', 'Florida Ankunding');



-------------------- restaurants ------------------ 
INSERT INTO restaurants VALUES('YAhoTS12J2', 'Cxs0xQ24AV', 'Amir', '9:00', '18:00', '5140257589');
INSERT INTO restaurants VALUES('eqXhTDAUCI', 'Pyx631wyYB', 'Restaurant Il Puntino', '8:00', '20:00', '5143564894');
INSERT INTO restaurants VALUES('yJwPUGE4eB', 'aqQi6Sdslc', 'Restaurant Bouf Vit', '9:00', '21:00', '5141380854');
INSERT INTO restaurants VALUES('uizHQt3vNw', 'hKNyjBVy5L', 'Mikes', '6:00', '17:00', '5140834433');
INSERT INTO restaurants VALUES('7qhjCWfX2s', 'lpZkIxHzDy', 'Cuisine AuntDai', '7:00', '17:00', '5145360089');
INSERT INTO restaurants VALUES('Gjr3anFdSr', 'kHi3HzRF4x', 'Restaurant C. Thai', '9:00', '21:00', '5143499954');
INSERT INTO restaurants VALUES('sPmqoBtmmK', 'qUfPJDYs0h', 'Place Chaumont', '8:00', '17:00', '5146547487');
INSERT INTO restaurants VALUES('M9OhGjiQLa', '5GGU75PF3Y', 'Restaurant SUBWAY', '10:00', '20:00', '5144295668');
INSERT INTO restaurants VALUES('I4zaUKbrkV', 'zAK2wpEV9W', 'Harvey''s', '8:00', '18:00', '5142840289');
INSERT INTO restaurants VALUES('Ui4S8KNkbN', 'oeR3v2MsET', 'Restaurant SUBWAY', '10:00', '21:00', '5142368973');
INSERT INTO restaurants VALUES('2VDU6pYmAD', 'KtJusBdfFX', 'Eggsquis', '9:00', '21:00', '5145709064');
INSERT INTO restaurants VALUES('JxSofFgUgt', 'jTyo6Wjwsz', 'Amir', '6:00', '21:00', '5148025005');
INSERT INTO restaurants VALUES('4dyvTjBtGx', 'tRWLlYUrao', 'Restaurant Bon Appétit Des Antilles', '6:00', '19:00', '5144439701');
INSERT INTO restaurants VALUES('Dk5IpTkf8c', 'aUextMcbk3', 'Restaurant Barosso', '7:00', '21:00', '5145425820');
INSERT INTO restaurants VALUES('wSwnlGeXAT', 'fuzpUKCrEC', 'Mikes', '10:00', '19:00', '5147280242');
INSERT INTO restaurants VALUES('vTZOzJ8Wl0', 'Mg3ZzCQv1S', 'Subway', '9:00', '21:00', '5147850831');
INSERT INTO restaurants VALUES('akRWWQObaF', 'RRXgMPVHcD', 'Taormina lounge', '6:00', '18:00', '5144278810');
INSERT INTO restaurants VALUES('whpqmyqJ3r', 'P0dSG7K41k', 'Rôtisserie St-Hubert', '8:00', '19:00', '5149150306');
INSERT INTO restaurants VALUES('tNbkCFUmDp', 'aUYbYavELi', 'McDonald''s', '9:00', '18:00', '5142717312');
INSERT INTO restaurants VALUES('Z9XIGGxXOP', '9011GANyP8', 'La Maison Ho', '6:00', '19:00', '5141697836');
INSERT INTO restaurants VALUES('OrhXY3mlyD', 'WR5wx92Nb5', 'Bocci Restaurant Bar Lounge', '9:00', '20:00', '5144350430');
INSERT INTO restaurants VALUES('6lnzexABPM', 'YYS8Uove89', 'Olympia Restaurant Inc', '6:00', '20:00', '5147967350');
INSERT INTO restaurants VALUES('BvAsztuPK3', 'Axcz9cYIzD', 'Ayo Restaurant', '6:00', '20:00', '5146237144');
INSERT INTO restaurants VALUES('dc3qPzf9vW', '873b6f7az9', 'Restaurant dadam', '7:00', '21:00', '5142174204');
INSERT INTO restaurants VALUES('FloqL28XR7', 'Aa6TZZPojs', 'Restaurant Chez Lien', '9:00', '20:00', '5142099334');
INSERT INTO restaurants VALUES('jfRTlJB54m', 'xw9jLjp83b', 'Restaurant Byla Byla', '10:00', '18:00', '5141341404');
INSERT INTO restaurants VALUES('VTPrJXWypi', 'xYJ5r5bqj6', 'McDonald''s', '6:00', '18:00', '5145173832');
INSERT INTO restaurants VALUES('8l7yuRqWmz', '2x3jNlmwha', 'Restaurant SUBWAY', '9:00', '20:00', '5148028670');
INSERT INTO restaurants VALUES('rEWXUJEYGk', 'Rzlv25ay5u', 'Caribbean Paradise Restaurant Montreal', '9:00', '20:00', '5149035368');
INSERT INTO restaurants VALUES('Yg5x7BQ5BI', 'QEDyRh2O3n', 'La Shish - Restaurant Shish Taouk - Cuisine Libanaise', '10:00', '18:00', '5148018755');
INSERT INTO restaurants VALUES('UEVKgu7CYU', '5LAkn5rex8', 'S''wok Restaurant', '6:00', '20:00', '5144675356');
INSERT INTO restaurants VALUES('eqIanSn1tP', '9ZpvwikQfV', 'Restaurant Tora Bora', '9:00', '21:00', '5146539768');
INSERT INTO restaurants VALUES('okZMlKmyIz', 'WPg5ZNBxRI', 'Montreal Restaurant Club', '8:00', '21:00', '5142096047');
INSERT INTO restaurants VALUES('zHkNPEKMDV', 'pqmHRB2BH8', 'Chez Chose', '9:00', '17:00', '5149562701');
INSERT INTO restaurants VALUES('3t0uGHupeJ', 'i4DNQLOPCW', 'Impressions-Metro Ctr Restaurant', '9:00', '17:00', '5143213092');
INSERT INTO restaurants VALUES('LngBuxsLZo', 'BMbs9cRSNJ', 'Restaurant L''Exki', '6:00', '20:00', '5143848619');
INSERT INTO restaurants VALUES('BzZ86WdFsK', 'b30aVKAsfg', 'Restaurant La Raclette', '10:00', '21:00', '5149332502');
INSERT INTO restaurants VALUES('ooQC6oigl8', 'OlBhdl8Rzs', 'Restaurant SUBWAY', '6:00', '18:00', '5142271841');
INSERT INTO restaurants VALUES('JMKcbvPggj', 'a0y58z2BnU', 'Restaurant Lafleur', '6:00', '20:00', '5141736946');
INSERT INTO restaurants VALUES('9rwKqQx76o', 'MwJCM0geXQ', 'Robin des Bois', '10:00', '19:00', '5148765959');
INSERT INTO restaurants VALUES('j1EmsCev6O', 'A5KRh01y1k', 'Restaurant Elcorral', '9:00', '21:00', '5146996089');
INSERT INTO restaurants VALUES('H2JvO8O4my', 'vWBhjs1EUm', 'Restaurant SUBWAY', '6:00', '17:00', '5146258831');
INSERT INTO restaurants VALUES('GoTmgZwzE2', 'elJG709XUg', 'Restaurant Le Vieux Four de Laval', '9:00', '18:00', '5144465476');
INSERT INTO restaurants VALUES('sLRjrKkLUd', '4KhboEwh9v', 'La Maison De Kum Mon', '10:00', '20:00', '5145562090');
INSERT INTO restaurants VALUES('djHWvWobTp', 'OuhywD8gQx', 'Restaurant Granada Pizzéria', '8:00', '17:00', '5148120835');
INSERT INTO restaurants VALUES('VU20i2Yduz', 'XXmtsNQj5K', 'Marché & Restaurant Irma', '10:00', '18:00', '5149907451');
INSERT INTO restaurants VALUES('99h8Jkfmg9', 'VkAhyy7mec', 'Fusion Restaurant', '10:00', '20:00', '5146509781');
INSERT INTO restaurants VALUES('x6XKDLVsmX', 'v1joBSjolr', 'Le Restaurant Carribean grill', '8:00', '21:00', '5140776701');
INSERT INTO restaurants VALUES('1sekHl7XAp', 'sE8xhXZ3In', 'Restaurant Bateau Dragon / Dragon Boat Restaurant Chinese', '9:00', '21:00', '5148451798');
INSERT INTO restaurants VALUES('R9K0wz6YTN', '7iLIfpxZJ7', 'Restaurant La Bi-Coq au Soleil', '10:00', '18:00', '5145419153');
INSERT INTO restaurants VALUES('qJSFCYdP2e', 'wix4nT2nif', 'Restaurant Psaropoula', '7:00', '21:00', '5149701814');
INSERT INTO restaurants VALUES('5KFZofrRBJ', 'Fl2xRQdh9E', 'Restaurant Outremont', '9:00', '21:00', '5144450526');
INSERT INTO restaurants VALUES('ABXnulX0MQ', 'BNxVItqZbr', 'Fieldstone Restaurant', '9:00', '17:00', '5143616606');
INSERT INTO restaurants VALUES('HO6zuIMfbh', 'w2riUBv3be', 'Restaurant B&M', '6:00', '21:00', '5145638452');
INSERT INTO restaurants VALUES('8oPTAxIIft', 'Ymp5lyGkNC', 'Restaurant SUBWAY', '10:00', '18:00', '5147371232');
INSERT INTO restaurants VALUES('gsAiDeqNYP', 'vcpYJDGgV7', 'Damas Restaurant', '7:00', '19:00', '5147067180');
INSERT INTO restaurants VALUES('qflmNc7cnk', 'hGFy2d8JvR', 'Mythos Ouzeri Estiatorio Restaurant', '9:00', '21:00', '5144179936');
INSERT INTO restaurants VALUES('vvhojlp2SY', 'jIwDkAEanw', 'Un Autre Restaurant', '7:00', '18:00', '5143645563');
INSERT INTO restaurants VALUES('PB5ItrpTO4', 'w6KHlRn8qi', 'Restaurant Pucapuca', '8:00', '19:00', '5144645129');
INSERT INTO restaurants VALUES('7GlctaY0Ee', 'GezxydbyoK', 'Faros Restaurant', '10:00', '21:00', '5148330634');
INSERT INTO restaurants VALUES('ICl2KWzDS0', 'tTtLBPzyDF', 'Mikes', '6:00', '18:00', '5140328574');
INSERT INTO restaurants VALUES('xy8MVnTsI7', '3hy8mUzycC', 'Restaurant SUBWAY', '9:00', '18:00', '5144227115');
INSERT INTO restaurants VALUES('jC4cerpRED', 'SDMG2TZxQZ', 'Restaurant Amir', '9:00', '17:00', '5142222071');
INSERT INTO restaurants VALUES('iHMU0TelCB', 'ulbPPq9edZ', 'Firegrill Ville St-Laurent', '7:00', '18:00', '5142847688');
INSERT INTO restaurants VALUES('x9cajowVrH', 'AGyTEpOg1J', 'Cora', '9:00', '19:00', '5143207859');
INSERT INTO restaurants VALUES('gN7Z4GvGnd', 'ViPUTqMe2w', 'Notre-Boeuf-De-Grâce', '9:00', '19:00', '5148240861');
INSERT INTO restaurants VALUES('18aMU4DGYx', 'pgW5XZCkhs', 'St-James Pub', '6:00', '19:00', '5141247322');
INSERT INTO restaurants VALUES('e1bRcWCXV4', 'vV6NVyTsCJ', 'McDonald''s', '9:00', '21:00', '5148549657');
INSERT INTO restaurants VALUES('x4sO7niRuO', 'AHWbM02669', 'McDonald''s', '8:00', '18:00', '5141415471');
INSERT INTO restaurants VALUES('PRJrtxkLtj', 'CPpmdVW52o', 'Souvlaki Bar', '8:00', '19:00', '5148579587');
INSERT INTO restaurants VALUES('w8YIrUsNLD', 'duG9oV334O', 'Mikes Restaurants Corporate Office', '9:00', '20:00', '5144679209');
INSERT INTO restaurants VALUES('2PHRUCHecL', 'QOB5VQrw2q', 'Restaurant SUBWAY', '9:00', '18:00', '5140583892');
INSERT INTO restaurants VALUES('2wtmpjwmzS', 'gkhZDYPy1n', 'Kluva Chic Traiteur et Restaurant', '7:00', '20:00', '5143080142');
INSERT INTO restaurants VALUES('QvcvxTPHam', 'TGYIP31a5q', 'Restaurant des Soeurs', '10:00', '21:00', '5146215212');
INSERT INTO restaurants VALUES('GIwRGWZ38K', '5FHZCkqdmI', 'Restaurant ZIBO! Anjou', '7:00', '19:00', '5140305676');
INSERT INTO restaurants VALUES('i9LhWB8rhG', '7BCL3EIjrL', 'Restaurant SUBWAY', '10:00', '19:00', '5146865977');
INSERT INTO restaurants VALUES('70jVtIws8G', 'tnrsbx500m', 'McDonald''s', '9:00', '20:00', '5143137623');
INSERT INTO restaurants VALUES('DIVSJfEg0n', 'TzNWOjrPb7', 'Restaurant SUBWAY', '9:00', '19:00', '5140810536');
INSERT INTO restaurants VALUES('YNTsfAYz1g', '0ANDaR42qL', 'Restaurant SUBWAY', '7:00', '19:00', '5145431660');
INSERT INTO restaurants VALUES('kb8lNgM149', 'fOrxTGvwmE', 'Restaurant Route 66 Resto Bar', '8:00', '17:00', '5149031182');
INSERT INTO restaurants VALUES('Tu9I9dCZ4v', '0uQ1f961yg', 'Mexigo Restaurant', '7:00', '20:00', '5146779285');
INSERT INTO restaurants VALUES('SIJ8YJuUpi', 'LP05ItneEk', 'Pizza Pizza', '9:00', '19:00', '5146175578');
INSERT INTO restaurants VALUES('nKQuKZEbN2', 'zBoUXgjYfS', 'Restaurant SUBWAY', '9:00', '19:00', '5143957261');
INSERT INTO restaurants VALUES('fe8yRzZHeN', 'iSiZGWWKJA', 'Restaurant Jawnies', '7:00', '18:00', '5148610476');
INSERT INTO restaurants VALUES('F09TwtUYgc', '4AXZD0DvvJ', 'Restaurant Su', '10:00', '21:00', '5144015068');
INSERT INTO restaurants VALUES('Pr5XOEdZ0k', 'eLi171j1qI', 'Restaurant Crescendo', '8:00', '21:00', '5148738845');
INSERT INTO restaurants VALUES('v3MAfKurxa', 'yxmu3kVUsX', 'Restaurant Bingo', '6:00', '20:00', '5148384096');
INSERT INTO restaurants VALUES('wncFNSCclL', 'Z1uGWNSXlo', 'Restaurant SUBWAY', '9:00', '17:00', '5147428250');
INSERT INTO restaurants VALUES('DpPzA3uQRM', 'vmmjyaEvqM', 'McDonald''s', '7:00', '20:00', '5149819636');
INSERT INTO restaurants VALUES('KPhIByyUoZ', 'GwsXnaYzpI', 'Restaurant Parisa', '10:00', '21:00', '5148339067');
INSERT INTO restaurants VALUES('h97LluucKu', 'PTpmfnL4xP', 'Restaurant Basha', '10:00', '20:00', '5147808677');
INSERT INTO restaurants VALUES('729NtN6dm5', 'sEQqH4RIW7', 'Restaurant 9-4-10', '8:00', '18:00', '5145259826');
INSERT INTO restaurants VALUES('ujDJLQekr3', 'kWI2hztIgn', 'LOV Restaurant', '7:00', '20:00', '5145987803');
INSERT INTO restaurants VALUES('gkaShrwxO8', 'iGmrxQE3hR', 'Restaurant Jin Chen Xuan', '8:00', '20:00', '5146111033');
INSERT INTO restaurants VALUES('BtRkRMBC1E', 'wa5xY3oXhr', 'Restaurant Caramel', '9:00', '21:00', '5141339681');
INSERT INTO restaurants VALUES('zsCytKS3Gl', '1WKM0yMDyh', 'Kimchi Restaurant', '6:00', '18:00', '5146139881');
INSERT INTO restaurants VALUES('TkSnAItBtL', 'Ml3VWYxDeK', 'Restaurant Bar Le 400 6-30', '10:00', '17:00', '5145785902');
INSERT INTO restaurants VALUES('fGSWyKP1oi', '3p0DgxoNCg', 'Restaurant Boustan', '8:00', '20:00', '5146469444');
INSERT INTO restaurants VALUES('o2CW8kk36a', 'gY47nqIxvS', 'Quickies Pizza', '6:00', '19:00', '5144135615');
INSERT INTO restaurants VALUES('p6DAucaRTz', 'QeZIIPF7JV', 'The Restaurant Shea''s', '8:00', '19:00', '5140373118');



-------------------- dishes ------------------ 
INSERT INTO dishes VALUES('YAhoTS12J2', 'Curly Fries', NULL, '14', 'E');
INSERT INTO dishes VALUES('YAhoTS12J2', 'Blizzard', NULL, '10', 'E');
INSERT INTO dishes VALUES('eqXhTDAUCI', 'Pie', NULL, '7', 'D');
INSERT INTO dishes VALUES('eqXhTDAUCI', 'Baeckeoffe', NULL, '5', 'E');
INSERT INTO dishes VALUES('eqXhTDAUCI', 'Carp fries', NULL, '19', 'E');
INSERT INTO dishes VALUES('eqXhTDAUCI', 'Garnished sauerkraut', NULL, '26', 'C');
INSERT INTO dishes VALUES('eqXhTDAUCI', 'Rooster Cocktail', NULL, '5', 'E');
INSERT INTO dishes VALUES('eqXhTDAUCI', 'Knack', NULL, '31', 'B');
INSERT INTO dishes VALUES('yJwPUGE4eB', 'Croquembouche', NULL, '6', 'D');
INSERT INTO dishes VALUES('yJwPUGE4eB', 'Apple crisp', NULL, '24', 'D');
INSERT INTO dishes VALUES('uizHQt3vNw', 'Tarte Tatin', NULL, '20', 'B');
INSERT INTO dishes VALUES('uizHQt3vNw', 'rum baba', NULL, '30', 'A');
INSERT INTO dishes VALUES('uizHQt3vNw', 'Crepe and fruit', NULL, '26', 'B');
INSERT INTO dishes VALUES('uizHQt3vNw', 'Lorraine Spindle', NULL, '33', 'D');
INSERT INTO dishes VALUES('uizHQt3vNw', 'Ice Plumbers', NULL, '16', 'E');
INSERT INTO dishes VALUES('7qhjCWfX2s', 'Liege coffee', NULL, '24', 'A');
INSERT INTO dishes VALUES('7qhjCWfX2s', 'clafoutis', NULL, '23', 'C');
INSERT INTO dishes VALUES('7qhjCWfX2s', 'Creme brulee', NULL, '23', 'D');
INSERT INTO dishes VALUES('7qhjCWfX2s', 'Croquembouche', NULL, '7', 'D');
INSERT INTO dishes VALUES('7qhjCWfX2s', 'Apple crisp', NULL, '7', 'E');
INSERT INTO dishes VALUES('Gjr3anFdSr', 'Pie', NULL, '26', 'B');
INSERT INTO dishes VALUES('Gjr3anFdSr', 'Baeckeoffe', NULL, '20', 'A');
INSERT INTO dishes VALUES('Gjr3anFdSr', 'Carp fries', NULL, '23', 'E');
INSERT INTO dishes VALUES('Gjr3anFdSr', 'Garnished sauerkraut', NULL, '26', 'D');
INSERT INTO dishes VALUES('Gjr3anFdSr', 'Rooster Cocktail', NULL, '9', 'D');
INSERT INTO dishes VALUES('sPmqoBtmmK', 'Double Double', NULL, '10', 'E');
INSERT INTO dishes VALUES('M9OhGjiQLa', 'Apple crisp', NULL, '22', 'C');
INSERT INTO dishes VALUES('M9OhGjiQLa', 'lightning', NULL, '9', 'B');
INSERT INTO dishes VALUES('M9OhGjiQLa', 'Far Breton', NULL, '11', 'C');
INSERT INTO dishes VALUES('M9OhGjiQLa', 'strawberries tree', NULL, '33', 'E');
INSERT INTO dishes VALUES('M9OhGjiQLa', 'Galette des rois', NULL, '9', 'C');
INSERT INTO dishes VALUES('I4zaUKbrkV', 'Madeleine', NULL, '18', 'B');
INSERT INTO dishes VALUES('I4zaUKbrkV', 'Potee Lorraine', NULL, '21', 'A');
INSERT INTO dishes VALUES('I4zaUKbrkV', 'Quiche Lorraine', NULL, '5', 'E');
INSERT INTO dishes VALUES('I4zaUKbrkV', 'Brimble tart (Blueberry)', NULL, '25', 'A');
INSERT INTO dishes VALUES('I4zaUKbrkV', 'Mirabelle tart', NULL, '25', 'B');
INSERT INTO dishes VALUES('I4zaUKbrkV', 'Head of veal', NULL, '10', 'A');
INSERT INTO dishes VALUES('Ui4S8KNkbN', 'Spicy Chicken Sandwich', NULL, '10', 'C');
INSERT INTO dishes VALUES('Ui4S8KNkbN', 'Chicken Nuggets', NULL, '19', 'D');
INSERT INTO dishes VALUES('Ui4S8KNkbN', 'Baguette', NULL, '16', 'C');
INSERT INTO dishes VALUES('Ui4S8KNkbN', 'String', NULL, '22', 'E');
INSERT INTO dishes VALUES('2VDU6pYmAD', 'Flute', NULL, '14', 'D');
INSERT INTO dishes VALUES('2VDU6pYmAD', 'focaccia', NULL, '16', 'B');
INSERT INTO dishes VALUES('2VDU6pYmAD', 'Country bread', NULL, '14', 'A');
INSERT INTO dishes VALUES('2VDU6pYmAD', 'Croissant', NULL, '23', 'D');
INSERT INTO dishes VALUES('2VDU6pYmAD', 'Christmas log', NULL, '21', 'E');
INSERT INTO dishes VALUES('JxSofFgUgt', 'Rooster Cocktail', NULL, '23', 'E');
INSERT INTO dishes VALUES('JxSofFgUgt', 'Knack', NULL, '30', 'E');
INSERT INTO dishes VALUES('JxSofFgUgt', 'Kouglof', NULL, '22', 'A');
INSERT INTO dishes VALUES('JxSofFgUgt', 'Roast beef with Alsatian', NULL, '20', 'D');
INSERT INTO dishes VALUES('4dyvTjBtGx', 'Country bread', NULL, '11', 'D');
INSERT INTO dishes VALUES('4dyvTjBtGx', 'Croissant', NULL, '14', 'C');
INSERT INTO dishes VALUES('4dyvTjBtGx', 'Christmas log', NULL, '13', 'A');
INSERT INTO dishes VALUES('4dyvTjBtGx', 'Liege coffee', NULL, '22', 'E');
INSERT INTO dishes VALUES('4dyvTjBtGx', 'clafoutis', NULL, '9', 'D');
INSERT INTO dishes VALUES('4dyvTjBtGx', 'Creme brulee', NULL, '9', 'B');
INSERT INTO dishes VALUES('Dk5IpTkf8c', 'Far Breton', NULL, '29', 'A');
INSERT INTO dishes VALUES('wSwnlGeXAT', 'strawberries tree', NULL, '33', 'A');
INSERT INTO dishes VALUES('wSwnlGeXAT', 'Galette des rois', NULL, '27', 'B');
INSERT INTO dishes VALUES('wSwnlGeXAT', 'Yogurt cake', NULL, '16', 'B');
INSERT INTO dishes VALUES('wSwnlGeXAT', 'macarons', NULL, '20', 'B');
INSERT INTO dishes VALUES('vTZOzJ8Wl0', 'Spaetzle', NULL, '16', 'A');
INSERT INTO dishes VALUES('vTZOzJ8Wl0', 'Onion tart', NULL, '18', 'A');
INSERT INTO dishes VALUES('vTZOzJ8Wl0', 'Flamey Tart', NULL, '6', 'C');
INSERT INTO dishes VALUES('vTZOzJ8Wl0', 'Matelote', NULL, '17', 'E');
INSERT INTO dishes VALUES('akRWWQObaF', 'lightning', NULL, '11', 'D');
INSERT INTO dishes VALUES('akRWWQObaF', 'Far Breton', NULL, '34', 'C');
INSERT INTO dishes VALUES('akRWWQObaF', 'strawberries tree', NULL, '18', 'B');
INSERT INTO dishes VALUES('akRWWQObaF', 'Galette des rois', NULL, '23', 'E');
INSERT INTO dishes VALUES('whpqmyqJ3r', 'Ice Plumbers', NULL, '14', 'C');
INSERT INTO dishes VALUES('whpqmyqJ3r', 'Minced meat pie from Lorraine, France', NULL, '21', 'E');
INSERT INTO dishes VALUES('whpqmyqJ3r', 'Nancy Macarons', NULL, '32', 'E');
INSERT INTO dishes VALUES('whpqmyqJ3r', 'Madeleine', NULL, '34', 'A');
INSERT INTO dishes VALUES('whpqmyqJ3r', 'Potee Lorraine', NULL, '13', 'D');
INSERT INTO dishes VALUES('whpqmyqJ3r', 'Quiche Lorraine', NULL, '9', 'B');
INSERT INTO dishes VALUES('tNbkCFUmDp', 'rum baba', NULL, '16', 'A');
INSERT INTO dishes VALUES('tNbkCFUmDp', 'Crepe and fruit', NULL, '33', 'A');
INSERT INTO dishes VALUES('Z9XIGGxXOP', 'Galette des rois', NULL, '22', 'B');
INSERT INTO dishes VALUES('OrhXY3mlyD', 'focaccia', NULL, '16', 'C');
INSERT INTO dishes VALUES('OrhXY3mlyD', 'Country bread', NULL, '19', 'C');
INSERT INTO dishes VALUES('OrhXY3mlyD', 'Croissant', NULL, '25', 'E');
INSERT INTO dishes VALUES('OrhXY3mlyD', 'Christmas log', NULL, '16', 'A');
INSERT INTO dishes VALUES('OrhXY3mlyD', 'Liege coffee', NULL, '23', 'A');
INSERT INTO dishes VALUES('6lnzexABPM', 'Chocolate bread', NULL, '29', 'D');
INSERT INTO dishes VALUES('6lnzexABPM', 'French toast', NULL, '11', 'D');
INSERT INTO dishes VALUES('6lnzexABPM', 'Four quarters', NULL, '31', 'D');
INSERT INTO dishes VALUES('6lnzexABPM', 'honored Saint', NULL, '26', 'B');
INSERT INTO dishes VALUES('6lnzexABPM', 'Breath', NULL, '16', 'A');
INSERT INTO dishes VALUES('6lnzexABPM', 'Tarte Tatin', NULL, '26', 'A');
INSERT INTO dishes VALUES('BvAsztuPK3', 'Madeleine', NULL, '23', 'A');
INSERT INTO dishes VALUES('BvAsztuPK3', 'Potee Lorraine', NULL, '33', 'D');
INSERT INTO dishes VALUES('BvAsztuPK3', 'Quiche Lorraine', NULL, '23', 'C');
INSERT INTO dishes VALUES('BvAsztuPK3', 'Brimble tart (Blueberry)', NULL, '10', 'D');
INSERT INTO dishes VALUES('BvAsztuPK3', 'Mirabelle tart', NULL, '7', 'E');
INSERT INTO dishes VALUES('dc3qPzf9vW', 'Baeckeoffe', NULL, '28', 'C');
INSERT INTO dishes VALUES('dc3qPzf9vW', 'Carp fries', NULL, '26', 'D');
INSERT INTO dishes VALUES('dc3qPzf9vW', 'Garnished sauerkraut', NULL, '19', 'E');
INSERT INTO dishes VALUES('dc3qPzf9vW', 'Rooster Cocktail', NULL, '7', 'D');
INSERT INTO dishes VALUES('dc3qPzf9vW', 'Knack', NULL, '6', 'C');
INSERT INTO dishes VALUES('FloqL28XR7', 'Chocolate mousse', NULL, '27', 'D');
INSERT INTO dishes VALUES('FloqL28XR7', 'Chocolate bread', NULL, '28', 'E');
INSERT INTO dishes VALUES('FloqL28XR7', 'French toast', NULL, '18', 'A');
INSERT INTO dishes VALUES('FloqL28XR7', 'Four quarters', NULL, '5', 'E');
INSERT INTO dishes VALUES('jfRTlJB54m', 'honored Saint', NULL, '34', 'C');
INSERT INTO dishes VALUES('jfRTlJB54m', 'Breath', NULL, '11', 'D');
INSERT INTO dishes VALUES('VTPrJXWypi', 'Tarte Tatin', NULL, '28', 'C');
INSERT INTO dishes VALUES('VTPrJXWypi', 'rum baba', NULL, '22', 'A');
INSERT INTO dishes VALUES('8l7yuRqWmz', 'Garnished sauerkraut', NULL, '14', 'C');
INSERT INTO dishes VALUES('8l7yuRqWmz', 'Rooster Cocktail', NULL, '27', 'B');
INSERT INTO dishes VALUES('rEWXUJEYGk', 'Chocolate mousse', NULL, '25', 'E');
INSERT INTO dishes VALUES('rEWXUJEYGk', 'Chocolate bread', NULL, '33', 'D');
INSERT INTO dishes VALUES('Yg5x7BQ5BI', 'Yogurt cake', NULL, '25', 'A');
INSERT INTO dishes VALUES('Yg5x7BQ5BI', 'macarons', NULL, '21', 'C');
INSERT INTO dishes VALUES('Yg5x7BQ5BI', 'Madeleine', NULL, '12', 'D');
INSERT INTO dishes VALUES('Yg5x7BQ5BI', 'Thousand sheets', NULL, '32', 'E');
INSERT INTO dishes VALUES('UEVKgu7CYU', 'Axoa', NULL, '8', 'A');
INSERT INTO dishes VALUES('UEVKgu7CYU', 'Duck confit', NULL, '33', 'A');
INSERT INTO dishes VALUES('UEVKgu7CYU', 'Foie gras', NULL, '15', 'E');
INSERT INTO dishes VALUES('UEVKgu7CYU', 'French Ham and Vegetable Stew', NULL, '14', 'D');
INSERT INTO dishes VALUES('eqIanSn1tP', 'lightning', NULL, '33', 'B');
INSERT INTO dishes VALUES('eqIanSn1tP', 'Far Breton', NULL, '22', 'A');
INSERT INTO dishes VALUES('eqIanSn1tP', 'strawberries tree', NULL, '27', 'D');
INSERT INTO dishes VALUES('eqIanSn1tP', 'Galette des rois', NULL, '33', 'B');
INSERT INTO dishes VALUES('eqIanSn1tP', 'Yogurt cake', NULL, '19', 'E');
INSERT INTO dishes VALUES('eqIanSn1tP', 'macarons', NULL, '30', 'C');
INSERT INTO dishes VALUES('okZMlKmyIz', 'Onion tart', NULL, '30', 'E');
INSERT INTO dishes VALUES('okZMlKmyIz', 'Flamey Tart', NULL, '17', 'C');
INSERT INTO dishes VALUES('okZMlKmyIz', 'Matelote', NULL, '30', 'A');
INSERT INTO dishes VALUES('okZMlKmyIz', 'Mussels with Normandy cream', NULL, '19', 'E');
INSERT INTO dishes VALUES('okZMlKmyIz', 'Axoa', NULL, '30', 'A');
INSERT INTO dishes VALUES('okZMlKmyIz', 'Duck confit', NULL, '33', 'E');
INSERT INTO dishes VALUES('zHkNPEKMDV', 'Breath', NULL, '25', 'E');
INSERT INTO dishes VALUES('zHkNPEKMDV', 'Tarte Tatin', NULL, '33', 'C');
INSERT INTO dishes VALUES('3t0uGHupeJ', 'Mirabelle tart', NULL, '12', 'A');
INSERT INTO dishes VALUES('3t0uGHupeJ', 'Head of veal', NULL, '20', 'C');
INSERT INTO dishes VALUES('3t0uGHupeJ', 'Pie', NULL, '19', 'C');
INSERT INTO dishes VALUES('3t0uGHupeJ', 'Baeckeoffe', NULL, '33', 'E');
INSERT INTO dishes VALUES('3t0uGHupeJ', 'Carp fries', NULL, '7', 'A');
INSERT INTO dishes VALUES('LngBuxsLZo', 'Baguette', NULL, '29', 'A');
INSERT INTO dishes VALUES('LngBuxsLZo', 'String', NULL, '28', 'A');
INSERT INTO dishes VALUES('LngBuxsLZo', 'Flute', NULL, '14', 'E');
INSERT INTO dishes VALUES('LngBuxsLZo', 'focaccia', NULL, '19', 'D');
INSERT INTO dishes VALUES('BzZ86WdFsK', 'Carp fries', NULL, '12', 'B');
INSERT INTO dishes VALUES('BzZ86WdFsK', 'Garnished sauerkraut', NULL, '8', 'D');
INSERT INTO dishes VALUES('BzZ86WdFsK', 'Rooster Cocktail', NULL, '21', 'B');
INSERT INTO dishes VALUES('BzZ86WdFsK', 'Knack', NULL, '11', 'D');
INSERT INTO dishes VALUES('BzZ86WdFsK', 'Kouglof', NULL, '10', 'E');
INSERT INTO dishes VALUES('BzZ86WdFsK', 'Roast beef with Alsatian', NULL, '15', 'E');
INSERT INTO dishes VALUES('ooQC6oigl8', 'McFlurry', NULL, '23', 'E');
INSERT INTO dishes VALUES('ooQC6oigl8', 'Bacon Cheeseburger', NULL, '8', 'B');
INSERT INTO dishes VALUES('ooQC6oigl8', 'Spicy Chicken Sandwich', NULL, '18', 'D');
INSERT INTO dishes VALUES('ooQC6oigl8', 'Chicken Nuggets', NULL, '17', 'A');
INSERT INTO dishes VALUES('JMKcbvPggj', 'strawberries tree', NULL, '18', 'A');
INSERT INTO dishes VALUES('9rwKqQx76o', 'Croquembouche', NULL, '12', 'E');
INSERT INTO dishes VALUES('9rwKqQx76o', 'Apple crisp', NULL, '6', 'B');
INSERT INTO dishes VALUES('9rwKqQx76o', 'lightning', NULL, '11', 'E');
INSERT INTO dishes VALUES('9rwKqQx76o', 'Far Breton', NULL, '23', 'D');
INSERT INTO dishes VALUES('9rwKqQx76o', 'strawberries tree', NULL, '34', 'C');
INSERT INTO dishes VALUES('j1EmsCev6O', 'Thousand sheets', NULL, '34', 'B');
INSERT INTO dishes VALUES('H2JvO8O4my', 'Baeckeoffe', NULL, '27', 'B');
INSERT INTO dishes VALUES('H2JvO8O4my', 'Carp fries', NULL, '11', 'D');
INSERT INTO dishes VALUES('H2JvO8O4my', 'Garnished sauerkraut', NULL, '21', 'D');
INSERT INTO dishes VALUES('GoTmgZwzE2', 'strawberries tree', NULL, '10', 'D');
INSERT INTO dishes VALUES('GoTmgZwzE2', 'Galette des rois', NULL, '20', 'D');
INSERT INTO dishes VALUES('GoTmgZwzE2', 'Yogurt cake', NULL, '21', 'D');
INSERT INTO dishes VALUES('GoTmgZwzE2', 'macarons', NULL, '8', 'C');
INSERT INTO dishes VALUES('sLRjrKkLUd', 'clafoutis', NULL, '12', 'B');
INSERT INTO dishes VALUES('sLRjrKkLUd', 'Creme brulee', NULL, '30', 'A');
INSERT INTO dishes VALUES('sLRjrKkLUd', 'Croquembouche', NULL, '30', 'D');
INSERT INTO dishes VALUES('djHWvWobTp', 'Garnished sauerkraut', NULL, '34', 'D');
INSERT INTO dishes VALUES('djHWvWobTp', 'Rooster Cocktail', NULL, '22', 'B');
INSERT INTO dishes VALUES('djHWvWobTp', 'Knack', NULL, '32', 'E');
INSERT INTO dishes VALUES('VU20i2Yduz', 'Madeleine', NULL, '12', 'E');
INSERT INTO dishes VALUES('99h8Jkfmg9', 'Axoa', NULL, '26', 'D');
INSERT INTO dishes VALUES('99h8Jkfmg9', 'Duck confit', NULL, '7', 'C');
INSERT INTO dishes VALUES('x6XKDLVsmX', 'Chocolate mousse', NULL, '32', 'D');
INSERT INTO dishes VALUES('x6XKDLVsmX', 'Chocolate bread', NULL, '24', 'B');
INSERT INTO dishes VALUES('x6XKDLVsmX', 'French toast', NULL, '10', 'B');
INSERT INTO dishes VALUES('1sekHl7XAp', 'Far Breton', NULL, '10', 'E');
INSERT INTO dishes VALUES('1sekHl7XAp', 'strawberries tree', NULL, '16', 'C');
INSERT INTO dishes VALUES('1sekHl7XAp', 'Galette des rois', NULL, '14', 'E');
INSERT INTO dishes VALUES('R9K0wz6YTN', 'Head of veal', NULL, '19', 'E');
INSERT INTO dishes VALUES('R9K0wz6YTN', 'Pie', NULL, '15', 'A');
INSERT INTO dishes VALUES('R9K0wz6YTN', 'Baeckeoffe', NULL, '11', 'E');
INSERT INTO dishes VALUES('R9K0wz6YTN', 'Carp fries', NULL, '31', 'C');
INSERT INTO dishes VALUES('R9K0wz6YTN', 'Garnished sauerkraut', NULL, '32', 'B');
INSERT INTO dishes VALUES('qJSFCYdP2e', 'Crepe and fruit', NULL, '21', 'A');
INSERT INTO dishes VALUES('5KFZofrRBJ', 'Flamey Tart', NULL, '9', 'A');
INSERT INTO dishes VALUES('5KFZofrRBJ', 'Matelote', NULL, '33', 'E');
INSERT INTO dishes VALUES('ABXnulX0MQ', 'Frosty', NULL, '34', 'B');
INSERT INTO dishes VALUES('ABXnulX0MQ', 'McFlurry', NULL, '21', 'A');
INSERT INTO dishes VALUES('ABXnulX0MQ', 'Bacon Cheeseburger', NULL, '5', 'C');
INSERT INTO dishes VALUES('ABXnulX0MQ', 'Spicy Chicken Sandwich', NULL, '29', 'C');
INSERT INTO dishes VALUES('ABXnulX0MQ', 'Chicken Nuggets', NULL, '9', 'A');
INSERT INTO dishes VALUES('ABXnulX0MQ', 'Baguette', NULL, '27', 'A');
INSERT INTO dishes VALUES('HO6zuIMfbh', 'French toast', NULL, '10', 'E');
INSERT INTO dishes VALUES('HO6zuIMfbh', 'Four quarters', NULL, '22', 'C');
INSERT INTO dishes VALUES('HO6zuIMfbh', 'honored Saint', NULL, '28', 'E');
INSERT INTO dishes VALUES('HO6zuIMfbh', 'Breath', NULL, '11', 'B');
INSERT INTO dishes VALUES('HO6zuIMfbh', 'Tarte Tatin', NULL, '16', 'C');
INSERT INTO dishes VALUES('HO6zuIMfbh', 'rum baba', NULL, '13', 'D');
INSERT INTO dishes VALUES('8oPTAxIIft', 'rum baba', NULL, '18', 'C');
INSERT INTO dishes VALUES('8oPTAxIIft', 'Crepe and fruit', NULL, '6', 'C');
INSERT INTO dishes VALUES('gsAiDeqNYP', 'Nancy Macarons', NULL, '8', 'B');
INSERT INTO dishes VALUES('qflmNc7cnk', 'Baguette', NULL, '19', 'D');
INSERT INTO dishes VALUES('qflmNc7cnk', 'String', NULL, '12', 'E');
INSERT INTO dishes VALUES('qflmNc7cnk', 'Flute', NULL, '26', 'C');
INSERT INTO dishes VALUES('qflmNc7cnk', 'focaccia', NULL, '10', 'B');
INSERT INTO dishes VALUES('qflmNc7cnk', 'Country bread', NULL, '32', 'A');
INSERT INTO dishes VALUES('qflmNc7cnk', 'Croissant', NULL, '32', 'A');
INSERT INTO dishes VALUES('vvhojlp2SY', 'Spicy Chicken Sandwich', NULL, '21', 'C');
INSERT INTO dishes VALUES('vvhojlp2SY', 'Chicken Nuggets', NULL, '10', 'A');
INSERT INTO dishes VALUES('PB5ItrpTO4', 'French toast', NULL, '12', 'D');
INSERT INTO dishes VALUES('PB5ItrpTO4', 'Four quarters', NULL, '32', 'D');
INSERT INTO dishes VALUES('PB5ItrpTO4', 'honored Saint', NULL, '19', 'E');
INSERT INTO dishes VALUES('PB5ItrpTO4', 'Breath', NULL, '18', 'E');
INSERT INTO dishes VALUES('PB5ItrpTO4', 'Tarte Tatin', NULL, '24', 'C');
INSERT INTO dishes VALUES('7GlctaY0Ee', 'Blizzard', NULL, '15', 'C');
INSERT INTO dishes VALUES('ICl2KWzDS0', 'Flute', NULL, '15', 'C');
INSERT INTO dishes VALUES('ICl2KWzDS0', 'focaccia', NULL, '29', 'D');
INSERT INTO dishes VALUES('ICl2KWzDS0', 'Country bread', NULL, '14', 'B');
INSERT INTO dishes VALUES('ICl2KWzDS0', 'Croissant', NULL, '24', 'E');
INSERT INTO dishes VALUES('xy8MVnTsI7', 'Galette des rois', NULL, '27', 'C');
INSERT INTO dishes VALUES('xy8MVnTsI7', 'Yogurt cake', NULL, '32', 'A');
INSERT INTO dishes VALUES('xy8MVnTsI7', 'macarons', NULL, '16', 'D');
INSERT INTO dishes VALUES('xy8MVnTsI7', 'Madeleine', NULL, '26', 'B');
INSERT INTO dishes VALUES('xy8MVnTsI7', 'Thousand sheets', NULL, '30', 'A');
INSERT INTO dishes VALUES('xy8MVnTsI7', 'Chocolate mousse', NULL, '34', 'E');
INSERT INTO dishes VALUES('jC4cerpRED', 'Waffle Fries', NULL, '16', 'C');
INSERT INTO dishes VALUES('jC4cerpRED', 'Double Double', NULL, '28', 'B');
INSERT INTO dishes VALUES('jC4cerpRED', 'Fries', NULL, '19', 'D');
INSERT INTO dishes VALUES('jC4cerpRED', 'Chicken Sandwich', NULL, '13', 'E');
INSERT INTO dishes VALUES('iHMU0TelCB', 'Minced meat pie from Lorraine, France', NULL, '34', 'D');
INSERT INTO dishes VALUES('x9cajowVrH', 'Christmas log', NULL, '28', 'B');
INSERT INTO dishes VALUES('x9cajowVrH', 'Liege coffee', NULL, '32', 'B');
INSERT INTO dishes VALUES('x9cajowVrH', 'clafoutis', NULL, '33', 'B');
INSERT INTO dishes VALUES('x9cajowVrH', 'Creme brulee', NULL, '26', 'B');
INSERT INTO dishes VALUES('gN7Z4GvGnd', 'Crepe and fruit', NULL, '27', 'D');
INSERT INTO dishes VALUES('gN7Z4GvGnd', 'Lorraine Spindle', NULL, '32', 'B');
INSERT INTO dishes VALUES('gN7Z4GvGnd', 'Ice Plumbers', NULL, '20', 'B');
INSERT INTO dishes VALUES('gN7Z4GvGnd', 'Minced meat pie from Lorraine, France', NULL, '19', 'A');
INSERT INTO dishes VALUES('gN7Z4GvGnd', 'Nancy Macarons', NULL, '10', 'D');
INSERT INTO dishes VALUES('18aMU4DGYx', 'Apple crisp', NULL, '32', 'D');
INSERT INTO dishes VALUES('e1bRcWCXV4', 'Double Double', NULL, '12', 'B');
INSERT INTO dishes VALUES('e1bRcWCXV4', 'Fries', NULL, '29', 'E');
INSERT INTO dishes VALUES('e1bRcWCXV4', 'Chicken Sandwich', NULL, '33', 'E');
INSERT INTO dishes VALUES('e1bRcWCXV4', 'Curly Fries', NULL, '24', 'E');
INSERT INTO dishes VALUES('e1bRcWCXV4', 'Blizzard', NULL, '7', 'E');
INSERT INTO dishes VALUES('e1bRcWCXV4', 'Frosty', NULL, '28', 'E');
INSERT INTO dishes VALUES('x4sO7niRuO', 'Curly Fries', NULL, '22', 'B');
INSERT INTO dishes VALUES('x4sO7niRuO', 'Blizzard', NULL, '33', 'C');
INSERT INTO dishes VALUES('x4sO7niRuO', 'Frosty', NULL, '16', 'D');
INSERT INTO dishes VALUES('PRJrtxkLtj', 'Potee Lorraine', NULL, '8', 'D');
INSERT INTO dishes VALUES('PRJrtxkLtj', 'Quiche Lorraine', NULL, '28', 'C');
INSERT INTO dishes VALUES('PRJrtxkLtj', 'Brimble tart (Blueberry)', NULL, '12', 'B');
INSERT INTO dishes VALUES('w8YIrUsNLD', 'Baeckeoffe', NULL, '29', 'B');
INSERT INTO dishes VALUES('w8YIrUsNLD', 'Carp fries', NULL, '28', 'E');
INSERT INTO dishes VALUES('w8YIrUsNLD', 'Garnished sauerkraut', NULL, '7', 'E');
INSERT INTO dishes VALUES('2PHRUCHecL', 'Pie', NULL, '23', 'A');
INSERT INTO dishes VALUES('2PHRUCHecL', 'Baeckeoffe', NULL, '12', 'D');
INSERT INTO dishes VALUES('2PHRUCHecL', 'Carp fries', NULL, '25', 'D');
INSERT INTO dishes VALUES('2PHRUCHecL', 'Garnished sauerkraut', NULL, '25', 'B');
INSERT INTO dishes VALUES('2wtmpjwmzS', 'Madeleine', NULL, '28', 'A');
INSERT INTO dishes VALUES('2wtmpjwmzS', 'Thousand sheets', NULL, '28', 'C');
INSERT INTO dishes VALUES('2wtmpjwmzS', 'Chocolate mousse', NULL, '29', 'A');
INSERT INTO dishes VALUES('2wtmpjwmzS', 'Chocolate bread', NULL, '7', 'A');
INSERT INTO dishes VALUES('2wtmpjwmzS', 'French toast', NULL, '6', 'C');
INSERT INTO dishes VALUES('2wtmpjwmzS', 'Four quarters', NULL, '13', 'C');
INSERT INTO dishes VALUES('QvcvxTPHam', 'Garnished sauerkraut', NULL, '25', 'E');
INSERT INTO dishes VALUES('QvcvxTPHam', 'Rooster Cocktail', NULL, '8', 'D');
INSERT INTO dishes VALUES('QvcvxTPHam', 'Knack', NULL, '23', 'A');
INSERT INTO dishes VALUES('QvcvxTPHam', 'Kouglof', NULL, '9', 'D');
INSERT INTO dishes VALUES('QvcvxTPHam', 'Roast beef with Alsatian', NULL, '9', 'A');
INSERT INTO dishes VALUES('QvcvxTPHam', 'Spaetzle', NULL, '18', 'C');
INSERT INTO dishes VALUES('GIwRGWZ38K', 'macarons', NULL, '19', 'A');
INSERT INTO dishes VALUES('GIwRGWZ38K', 'Madeleine', NULL, '12', 'C');
INSERT INTO dishes VALUES('GIwRGWZ38K', 'Thousand sheets', NULL, '26', 'D');
INSERT INTO dishes VALUES('GIwRGWZ38K', 'Chocolate mousse', NULL, '29', 'A');
INSERT INTO dishes VALUES('GIwRGWZ38K', 'Chocolate bread', NULL, '6', 'E');
INSERT INTO dishes VALUES('GIwRGWZ38K', 'French toast', NULL, '22', 'A');
INSERT INTO dishes VALUES('i9LhWB8rhG', 'Croquembouche', NULL, '13', 'A');
INSERT INTO dishes VALUES('i9LhWB8rhG', 'Apple crisp', NULL, '28', 'D');
INSERT INTO dishes VALUES('i9LhWB8rhG', 'lightning', NULL, '25', 'A');
INSERT INTO dishes VALUES('i9LhWB8rhG', 'Far Breton', NULL, '18', 'B');
INSERT INTO dishes VALUES('i9LhWB8rhG', 'strawberries tree', NULL, '9', 'B');
INSERT INTO dishes VALUES('70jVtIws8G', 'Croissant', NULL, '29', 'D');
INSERT INTO dishes VALUES('DIVSJfEg0n', 'Fries', NULL, '28', 'C');
INSERT INTO dishes VALUES('YNTsfAYz1g', 'strawberries tree', NULL, '12', 'E');
INSERT INTO dishes VALUES('YNTsfAYz1g', 'Galette des rois', NULL, '33', 'B');
INSERT INTO dishes VALUES('YNTsfAYz1g', 'Yogurt cake', NULL, '18', 'E');
INSERT INTO dishes VALUES('kb8lNgM149', 'Carp fries', NULL, '31', 'E');
INSERT INTO dishes VALUES('kb8lNgM149', 'Garnished sauerkraut', NULL, '6', 'A');
INSERT INTO dishes VALUES('Tu9I9dCZ4v', 'Madeleine', NULL, '30', 'A');
INSERT INTO dishes VALUES('Tu9I9dCZ4v', 'Thousand sheets', NULL, '15', 'A');
INSERT INTO dishes VALUES('Tu9I9dCZ4v', 'Chocolate mousse', NULL, '25', 'C');
INSERT INTO dishes VALUES('Tu9I9dCZ4v', 'Chocolate bread', NULL, '25', 'C');
INSERT INTO dishes VALUES('Tu9I9dCZ4v', 'French toast', NULL, '24', 'D');
INSERT INTO dishes VALUES('SIJ8YJuUpi', 'Carp fries', NULL, '30', 'B');
INSERT INTO dishes VALUES('nKQuKZEbN2', 'lightning', NULL, '32', 'C');
INSERT INTO dishes VALUES('nKQuKZEbN2', 'Far Breton', NULL, '22', 'A');
INSERT INTO dishes VALUES('nKQuKZEbN2', 'strawberries tree', NULL, '19', 'A');
INSERT INTO dishes VALUES('nKQuKZEbN2', 'Galette des rois', NULL, '34', 'A');
INSERT INTO dishes VALUES('nKQuKZEbN2', 'Yogurt cake', NULL, '18', 'A');
INSERT INTO dishes VALUES('fe8yRzZHeN', 'Croissant', NULL, '13', 'A');
INSERT INTO dishes VALUES('fe8yRzZHeN', 'Christmas log', NULL, '32', 'C');
INSERT INTO dishes VALUES('fe8yRzZHeN', 'Liege coffee', NULL, '30', 'E');
INSERT INTO dishes VALUES('fe8yRzZHeN', 'clafoutis', NULL, '33', 'C');
INSERT INTO dishes VALUES('fe8yRzZHeN', 'Creme brulee', NULL, '7', 'E');
INSERT INTO dishes VALUES('F09TwtUYgc', 'Onion tart', NULL, '12', 'B');
INSERT INTO dishes VALUES('F09TwtUYgc', 'Flamey Tart', NULL, '34', 'C');
INSERT INTO dishes VALUES('Pr5XOEdZ0k', 'Brimble tart (Blueberry)', NULL, '33', 'D');
INSERT INTO dishes VALUES('Pr5XOEdZ0k', 'Mirabelle tart', NULL, '28', 'A');
INSERT INTO dishes VALUES('Pr5XOEdZ0k', 'Head of veal', NULL, '5', 'C');
INSERT INTO dishes VALUES('Pr5XOEdZ0k', 'Pie', NULL, '10', 'B');
INSERT INTO dishes VALUES('v3MAfKurxa', 'Blizzard', NULL, '33', 'B');
INSERT INTO dishes VALUES('v3MAfKurxa', 'Frosty', NULL, '19', 'C');
INSERT INTO dishes VALUES('v3MAfKurxa', 'McFlurry', NULL, '23', 'D');
INSERT INTO dishes VALUES('v3MAfKurxa', 'Bacon Cheeseburger', NULL, '12', 'D');
INSERT INTO dishes VALUES('v3MAfKurxa', 'Spicy Chicken Sandwich', NULL, '27', 'D');
INSERT INTO dishes VALUES('wncFNSCclL', 'Rooster Cocktail', NULL, '6', 'D');
INSERT INTO dishes VALUES('wncFNSCclL', 'Knack', NULL, '17', 'C');
INSERT INTO dishes VALUES('wncFNSCclL', 'Kouglof', NULL, '10', 'D');
INSERT INTO dishes VALUES('wncFNSCclL', 'Roast beef with Alsatian', NULL, '23', 'D');
INSERT INTO dishes VALUES('DpPzA3uQRM', 'Head of veal', NULL, '25', 'C');
INSERT INTO dishes VALUES('DpPzA3uQRM', 'Pie', NULL, '6', 'E');
INSERT INTO dishes VALUES('DpPzA3uQRM', 'Baeckeoffe', NULL, '13', 'C');
INSERT INTO dishes VALUES('DpPzA3uQRM', 'Carp fries', NULL, '5', 'C');
INSERT INTO dishes VALUES('DpPzA3uQRM', 'Garnished sauerkraut', NULL, '7', 'C');
INSERT INTO dishes VALUES('DpPzA3uQRM', 'Rooster Cocktail', NULL, '9', 'B');
INSERT INTO dishes VALUES('KPhIByyUoZ', 'Frosty', NULL, '32', 'A');
INSERT INTO dishes VALUES('KPhIByyUoZ', 'McFlurry', NULL, '28', 'A');
INSERT INTO dishes VALUES('KPhIByyUoZ', 'Bacon Cheeseburger', NULL, '15', 'D');
INSERT INTO dishes VALUES('KPhIByyUoZ', 'Spicy Chicken Sandwich', NULL, '27', 'A');
INSERT INTO dishes VALUES('h97LluucKu', 'String', NULL, '10', 'D');
INSERT INTO dishes VALUES('h97LluucKu', 'Flute', NULL, '5', 'C');
INSERT INTO dishes VALUES('h97LluucKu', 'focaccia', NULL, '11', 'A');
INSERT INTO dishes VALUES('h97LluucKu', 'Country bread', NULL, '29', 'E');
INSERT INTO dishes VALUES('h97LluucKu', 'Croissant', NULL, '12', 'C');
INSERT INTO dishes VALUES('729NtN6dm5', 'Spicy Chicken Sandwich', NULL, '24', 'C');
INSERT INTO dishes VALUES('729NtN6dm5', 'Chicken Nuggets', NULL, '27', 'D');
INSERT INTO dishes VALUES('729NtN6dm5', 'Baguette', NULL, '23', 'C');
INSERT INTO dishes VALUES('ujDJLQekr3', 'McFlurry', NULL, '21', 'B');
INSERT INTO dishes VALUES('ujDJLQekr3', 'Bacon Cheeseburger', NULL, '23', 'B');
INSERT INTO dishes VALUES('ujDJLQekr3', 'Spicy Chicken Sandwich', NULL, '8', 'C');
INSERT INTO dishes VALUES('gkaShrwxO8', 'Bacon Cheeseburger', NULL, '16', 'C');
INSERT INTO dishes VALUES('gkaShrwxO8', 'Spicy Chicken Sandwich', NULL, '29', 'E');
INSERT INTO dishes VALUES('gkaShrwxO8', 'Chicken Nuggets', NULL, '22', 'E');
INSERT INTO dishes VALUES('gkaShrwxO8', 'Baguette', NULL, '11', 'E');
INSERT INTO dishes VALUES('BtRkRMBC1E', 'rum baba', NULL, '20', 'C');
INSERT INTO dishes VALUES('zsCytKS3Gl', 'Four quarters', NULL, '18', 'B');
INSERT INTO dishes VALUES('TkSnAItBtL', 'French Ham and Vegetable Stew', NULL, '7', 'D');
INSERT INTO dishes VALUES('fGSWyKP1oi', 'Roast beef with Alsatian', NULL, '20', 'A');
INSERT INTO dishes VALUES('fGSWyKP1oi', 'Spaetzle', NULL, '6', 'A');
INSERT INTO dishes VALUES('fGSWyKP1oi', 'Onion tart', NULL, '28', 'E');
INSERT INTO dishes VALUES('fGSWyKP1oi', 'Flamey Tart', NULL, '27', 'B');
INSERT INTO dishes VALUES('o2CW8kk36a', 'Blizzard', NULL, '15', 'A');
INSERT INTO dishes VALUES('o2CW8kk36a', 'Frosty', NULL, '8', 'A');
INSERT INTO dishes VALUES('o2CW8kk36a', 'McFlurry', NULL, '7', 'C');
INSERT INTO dishes VALUES('o2CW8kk36a', 'Bacon Cheeseburger', NULL, '19', 'B');
INSERT INTO dishes VALUES('p6DAucaRTz', 'Apple crisp', NULL, '31', 'E');
INSERT INTO dishes VALUES('p6DAucaRTz', 'lightning', NULL, '20', 'C');
INSERT INTO dishes VALUES('p6DAucaRTz', 'Far Breton', NULL, '13', 'B');
INSERT INTO dishes VALUES('p6DAucaRTz', 'strawberries tree', NULL, '27', 'A');
INSERT INTO dishes VALUES('p6DAucaRTz', 'Galette des rois', NULL, '22', 'C');
INSERT INTO dishes VALUES('p6DAucaRTz', 'Yogurt cake', NULL, '25', 'E');



-------------------- orders ------------------ 
INSERT INTO orders VALUES('sIgTOIpj36', 'OnTheWay', 'TxLX90sMAx', '5142455267', 'TR9SM4FCsq');
INSERT INTO orders VALUES('u8W93U7MvJ', 'OnTheWay', 'FnmoitQL4R', '5144836774', 'NayXOm1tWR');
INSERT INTO orders VALUES('NHywXBXU8f', 'Unassigned', 'eSIZM7x7Ui', '5142226523', 'wb1QLUuyU7');
INSERT INTO orders VALUES('mPJirTdy70', 'Completed', 'SNq49RM5HC', '5146933153', 'IE80QhN2BU');
INSERT INTO orders VALUES('0NvLoYzfKt', 'Completed', 'SqtoZwpB81', '5142446622', 'MqAZO4grL2');
INSERT INTO orders VALUES('JfH4YudsZ0', 'Unassigned', 'heUx57N7kA', '5143684774', 'IZxjVwdqrf');
INSERT INTO orders VALUES('CiWI3WL4Z3', 'OnTheWay', 'HLXpjgECDI', '5149234493', 'RivBCIq2MB');
INSERT INTO orders VALUES('pKAkjxrOAu', 'Unassigned', 'x817SmWHns', '5143853646', 'IrNScNlJik');
INSERT INTO orders VALUES('8bS5haGcv4', 'Unassigned', 'F49f8whwer', '5145234586', 'kNxTz1zUtX');
INSERT INTO orders VALUES('jbgkHKxcMJ', 'Completed', 'X3k19zjEWR', '5143260839', 'GH0H8AqeQk');
INSERT INTO orders VALUES('owGwfTbACs', 'Completed', 'yofy1aZUyr', '5142640723', '9evQGsoaB7');
INSERT INTO orders VALUES('DjvFuctvQi', 'Unassigned', 'Pabg1yilK6', '5142475072', 'YHjfwxyJ3R');
INSERT INTO orders VALUES('xwMHGaQl1z', 'WaitingForDelivery', 'ZystsbEybH', '5143860065', 'bmjSFFiUeM');
INSERT INTO orders VALUES('Kx9tgWuMp8', 'Unassigned', 'I07mTDrdni', '5141848033', 'PZiaoAyjjC');
INSERT INTO orders VALUES('qgFFxN0VSv', 'Unassigned', 'ZystsbEybH', '5143860065', 'bmjSFFiUeM');
INSERT INTO orders VALUES('dJw8PUOEbU', 'WaitingForDelivery', '8lDPcMmv95', '5144268858', 'GJ0F6CgN1r');
INSERT INTO orders VALUES('yLfh9WK8qA', 'Completed', 'Q5KaQXRmje', '5144632359', 'OhIqfojv2x');
INSERT INTO orders VALUES('rgR2dD5whY', 'WaitingForDelivery', 'pZbhMLYzkb', '5146508660', 'N7uGIpUVts');
INSERT INTO orders VALUES('tbXsRuTjLB', 'Completed', 'ZJEbJPVxnl', '5146371409', 'dLoAgeE5s6');
INSERT INTO orders VALUES('8HdByp1PZ2', 'Completed', 'qqXLA1qGXR', '5149520879', 'sfS6gehipE');
INSERT INTO orders VALUES('osT9z5ho14', 'WaitingForDelivery', 'VMPEKcwZRh', '5141062122', 'BJl33rB7N5');
INSERT INTO orders VALUES('JCCrEAIj4E', 'WaitingForDelivery', 'V09bVPy8YS', '5146532299', '8BMsWX04Aj');
INSERT INTO orders VALUES('0HrJYY9PjM', 'OnTheWay', 'i5yCZ9Oa9U', '5149707682', 'jsyPoA7E6e');
INSERT INTO orders VALUES('1yxp3kcWob', 'Unassigned', 'eSIZM7x7Ui', '5142226523', 'L5YWYirMk4');
INSERT INTO orders VALUES('oZexCNOJpE', 'WaitingForDelivery', 'ZJEbJPVxnl', '5146371409', 'MiPNm3z4Om');
INSERT INTO orders VALUES('5X3BsUd6O5', 'Unassigned', 'DJajGAfT4H', '5146887512', 'txSdWRqbZv');
INSERT INTO orders VALUES('4cgC1wxrMk', 'OnTheWay', 'zXdPNT55Dz', '5144630225', 'w0oPIrUUC7');
INSERT INTO orders VALUES('4kjAYGX9O3', 'OnTheWay', '0Lq63qXlBX', '5144065323', 'OW5JaPvaJt');
INSERT INTO orders VALUES('TsdSrSSZtt', 'Unassigned', 'mv4iAcbpTd', '5147122821', '47p4La63el');
INSERT INTO orders VALUES('3UF48BjLVG', 'Unassigned', 'aaDaGCfo2v', '5142053093', 'o1e97A2wjQ');
INSERT INTO orders VALUES('kaWMEgbKhm', 'Completed', '7bmXh1CZLG', '5147963102', 'Nr4q8OFIyH');
INSERT INTO orders VALUES('2UO8p2VJ8m', 'Completed', 'rhe1pbcOaQ', '5140818039', 'y7ts6cARhI');
INSERT INTO orders VALUES('byCrYnvgoX', 'OnTheWay', 'DctcPRzpSu', '5143393136', 'rtQGwblKf4');
INSERT INTO orders VALUES('SEXXDAfESj', 'WaitingForDelivery', '2GxLDJrSAh', '5141124862', 'jneVY8iAzj');
INSERT INTO orders VALUES('hwreu2ejlg', 'WaitingForDelivery', 'yofy1aZUyr', '5142640723', '9evQGsoaB7');
INSERT INTO orders VALUES('RVdpue4ape', 'WaitingForDelivery', 'SNq49RM5HC', '5146933153', 'u94tdBUkf6');
INSERT INTO orders VALUES('SDnMjRae05', 'Unassigned', 'UwetotvTaa', '5144591359', 'ikhEnRRgdi');
INSERT INTO orders VALUES('qHhaBYtUKA', 'Unassigned', 'LIsX6ZX7Td', '5142402281', 'BzbCQ2IEbg');
INSERT INTO orders VALUES('EFedsuSNd9', 'OnTheWay', 'HLXpjgECDI', '5149234493', 'RivBCIq2MB');
INSERT INTO orders VALUES('NE1vDZt9Zv', 'OnTheWay', 'DctcPRzpSu', '5143393136', 'rtQGwblKf4');
INSERT INTO orders VALUES('OaGAyHLa69', 'Completed', '7bmXh1CZLG', '5147963102', 'lC0KchTeSB');
INSERT INTO orders VALUES('LTVYvETpDP', 'OnTheWay', 'DJajGAfT4H', '5146887512', 'C4ptHxDtPO');
INSERT INTO orders VALUES('IsD5FyS2s2', 'Completed', 'pEthN0XHez', '5146139110', 'Ue47XPdDXo');
INSERT INTO orders VALUES('NQzcIs2u52', 'Unassigned', 'ZJEbJPVxnl', '5146371409', 'DXFm6xzEhl');
INSERT INTO orders VALUES('WTVwqqkX07', 'Completed', 'HLXpjgECDI', '5149234493', 'RivBCIq2MB');
INSERT INTO orders VALUES('IPn8iVlhd2', 'OnTheWay', 'gB7jw5OLo4', '5144993198', 'cWkVJugoE1');
INSERT INTO orders VALUES('krRY2s9AOD', 'Unassigned', 'RrFHBnl1q4', '5143619646', 'lpA7dq2m7m');
INSERT INTO orders VALUES('i2Aow2gJyN', 'Unassigned', 'wQBEe1htwf', '5143498198', 'Gw6nxzzz7c');
INSERT INTO orders VALUES('K8o5nJLosT', 'Completed', 'kqgD0Y1XGC', '5141440032', 'NW3N7NoZ2q');
INSERT INTO orders VALUES('4DFlykAEO6', 'Unassigned', 'DctcPRzpSu', '5143393136', 'rtQGwblKf4');
INSERT INTO orders VALUES('FD5zApOjBr', 'Unassigned', 'LIsX6ZX7Td', '5142402281', 'BzbCQ2IEbg');
INSERT INTO orders VALUES('vVC8lwu5W6', 'Completed', 'faLRygaEd8', '5148437242', 'juqPI1auMo');
INSERT INTO orders VALUES('gxsfHwss1C', 'OnTheWay', '6i2f5TXGVr', '5148763252', 'XOVwAHcJbm');
INSERT INTO orders VALUES('ReRYE5V3bL', 'WaitingForDelivery', 'OlXTzSoXgu', '5148928758', 'bWPUFNCJJW');
INSERT INTO orders VALUES('2JahQDeKKY', 'Unassigned', 'jqoJbvpbCZ', '5143831621', 'pCi33fnIVU');
INSERT INTO orders VALUES('vmsEJoeC5a', 'OnTheWay', '5IV547vxjn', '5146996349', 'claYy4G57w');
INSERT INTO orders VALUES('FR8jM7D9A2', 'Unassigned', 'DctcPRzpSu', '5143393136', 'rtQGwblKf4');
INSERT INTO orders VALUES('wzh2BKTc59', 'WaitingForDelivery', 'zXdPNT55Dz', '5144630225', 'w0oPIrUUC7');
INSERT INTO orders VALUES('YYWmJLbfvl', 'Unassigned', 'B8WfIHt8hm', '5148363370', 'vjha193S6J');
INSERT INTO orders VALUES('b2DAeuL3Yo', 'WaitingForDelivery', 'HvxKNzGp3w', '5145298983', 'jytnKGjvEI');
INSERT INTO orders VALUES('0msiF4LoW8', 'OnTheWay', 'VQtQxZKnEA', '5144373350', '4T3AXUzpak');
INSERT INTO orders VALUES('aHuW7uwVWs', 'Unassigned', '2GxLDJrSAh', '5141124862', 'jneVY8iAzj');
INSERT INTO orders VALUES('doUsO3eBWj', 'OnTheWay', '2GxLDJrSAh', '5141124862', 'jneVY8iAzj');
INSERT INTO orders VALUES('FuldUWw4KV', 'WaitingForDelivery', '8bKuI4awL7', '5146717198', 'rZCxynfqoF');
INSERT INTO orders VALUES('QZuCMpPXJP', 'Completed', 'aldR3JBaoi', '5149146465', 'JcAGkUavtJ');
INSERT INTO orders VALUES('H0DfIN6lx8', 'Unassigned', '4CCmRCesov', '5143270113', '0NMe7aGg4q');
INSERT INTO orders VALUES('FXCnQMTCz1', 'Completed', '7bmXh1CZLG', '5147963102', 'o44eI0YfmH');
INSERT INTO orders VALUES('pEMGhMxwf0', 'Completed', 'SNq49RM5HC', '5146933153', 'IE80QhN2BU');
INSERT INTO orders VALUES('eLbDZ7cisJ', 'Unassigned', 'heUx57N7kA', '5143684774', 'SUCQXEvsDp');
INSERT INTO orders VALUES('D7wiBwardu', 'OnTheWay', 'V09bVPy8YS', '5146532299', '8BMsWX04Aj');
INSERT INTO orders VALUES('qMM9e1GQXQ', 'WaitingForDelivery', 'L5vmGAqnqU', '5145103381', 'FTodXHBdPW');
INSERT INTO orders VALUES('1wc0uEYoXC', 'OnTheWay', 'UwetotvTaa', '5144591359', 'ikhEnRRgdi');
INSERT INTO orders VALUES('eFaM3Ri822', 'OnTheWay', 'eSIZM7x7Ui', '5142226523', 'wb1QLUuyU7');
INSERT INTO orders VALUES('5verIpzdpl', 'Completed', 'pZbhMLYzkb', '5146508660', 'claYy4G57w');
INSERT INTO orders VALUES('76ZqP9yTbB', 'OnTheWay', 'TxLX90sMAx', '5142455267', 'TR9SM4FCsq');
INSERT INTO orders VALUES('yXWzXZt5sJ', 'WaitingForDelivery', 'FnmoitQL4R', '5144836774', 'JgkS8mnhsb');
INSERT INTO orders VALUES('pAIpsKIlvq', 'Unassigned', '7bmXh1CZLG', '5147963102', '3NhNZpGnXs');
INSERT INTO orders VALUES('boOB74DGPp', 'WaitingForDelivery', 'RrFHBnl1q4', '5143619646', 'lpA7dq2m7m');
INSERT INTO orders VALUES('lq3qfi4hyT', 'OnTheWay', 'SNq49RM5HC', '5146933153', 'u94tdBUkf6');
INSERT INTO orders VALUES('JKZaEeUGlk', 'OnTheWay', 'heUx57N7kA', '5143684774', 'IZxjVwdqrf');
INSERT INTO orders VALUES('CuZTww9jJC', 'Unassigned', 'nn5Z8DjNkS', '5149940635', 'YhORmZrh7U');
INSERT INTO orders VALUES('QmWWml0b9g', 'WaitingForDelivery', '2GxLDJrSAh', '5141124862', 'jneVY8iAzj');
INSERT INTO orders VALUES('0UCd86YdGn', 'OnTheWay', 'gB7jw5OLo4', '5144993198', 'cWkVJugoE1');
INSERT INTO orders VALUES('ntdYyGPo16', 'OnTheWay', 'BzOjPoZkqF', '5141068668', 'uIXT9DL1W1');
INSERT INTO orders VALUES('b3UeO1fOYK', 'Unassigned', 'qRyzXLd2Dz', '5144394555', '14S7osaHEf');
INSERT INTO orders VALUES('iCatLaak9F', 'WaitingForDelivery', 'V09bVPy8YS', '5146532299', '8BMsWX04Aj');
INSERT INTO orders VALUES('9X7hobecj5', 'Completed', 'y09EF4DhbB', '5148938350', 'wTv4ViGlMA');
INSERT INTO orders VALUES('HwNJuvxrnQ', 'OnTheWay', 'UwetotvTaa', '5144591359', '5tAIPKp7jx');
INSERT INTO orders VALUES('LySWZuIiF7', 'OnTheWay', 'aldR3JBaoi', '5149146465', 'JcAGkUavtJ');
INSERT INTO orders VALUES('JHqAPRhRVs', 'Unassigned', 'SNq49RM5HC', '5146933153', 'IE80QhN2BU');
INSERT INTO orders VALUES('YAMPOuISiq', 'Unassigned', 'F49f8whwer', '5145234586', 'kNxTz1zUtX');
INSERT INTO orders VALUES('03rI8J0rCv', 'OnTheWay', 'RrFHBnl1q4', '5143619646', 'O8nnKKwy9U');
INSERT INTO orders VALUES('wJ6UNyEdLG', 'Completed', 'uwQxuKrkW0', '5146187344', 'OoLEoQoI4Z');
INSERT INTO orders VALUES('u00LUGAric', 'Unassigned', 'vpB5GRPEvl', '5148874900', '1mgaCck2uU');
INSERT INTO orders VALUES('5A8OFoTRV9', 'WaitingForDelivery', 'aaDaGCfo2v', '5142053093', 'o1e97A2wjQ');
INSERT INTO orders VALUES('qOqT8d5v12', 'Unassigned', 'VQtQxZKnEA', '5144373350', '4T3AXUzpak');
INSERT INTO orders VALUES('7DCmZED8I1', 'WaitingForDelivery', 'Q4ZliOYzY3', '5143450263', 'nnNjn4UwBc');
INSERT INTO orders VALUES('S3uu7giJyL', 'WaitingForDelivery', 'pZbhMLYzkb', '5146508660', 'claYy4G57w');
INSERT INTO orders VALUES('n5aX8JL5PX', 'Unassigned', '7bmXh1CZLG', '5147963102', 'o44eI0YfmH');
INSERT INTO orders VALUES('hAcCSQvF2t', 'WaitingForDelivery', 'heUx57N7kA', '5143684774', 'Sz2Ct4XAbE');



-------------------- registers ------------------ 
INSERT INTO registers VALUES('Q16uH2QdVZ', '5143809594');
INSERT INTO registers VALUES('ShLNSbi1i8', '5145234586');
INSERT INTO registers VALUES('WYK9y2koBH', '5145234586');
INSERT INTO registers VALUES('wTJSwkCloG', '5148763252');
INSERT INTO registers VALUES('IbGz55Kh4k', '5140040461');
INSERT INTO registers VALUES('KMFjnRdHdA', '5146532299');
INSERT INTO registers VALUES('uIFhDI5AjW', '5146532299');
INSERT INTO registers VALUES('NpFI4hjV3d', '5144065323');
INSERT INTO registers VALUES('kww8m2TXUF', '5144065323');
INSERT INTO registers VALUES('C3pEhXuWQJ', '5149707682');
INSERT INTO registers VALUES('HOXERJmMKP', '5142229540');
INSERT INTO registers VALUES('egF9D90Sl5', '5143260839');
INSERT INTO registers VALUES('dWCs8gGkPY', '5142455267');
INSERT INTO registers VALUES('Bw7Ei9Vhqt', '5144632359');
INSERT INTO registers VALUES('A3u7OYUAoc', '5144836774');
INSERT INTO registers VALUES('whPXerVlR8', '5148437242');
INSERT INTO registers VALUES('97Kuv1Rjkp', '5141440032');
INSERT INTO registers VALUES('mgXN0xIp1f', '5148508718');
INSERT INTO registers VALUES('yQxwr6BIoF', '5148508718');
INSERT INTO registers VALUES('HVOddScuPu', '5142226523');
INSERT INTO registers VALUES('rKr0LAmnRq', '5142226523');
INSERT INTO registers VALUES('FxuUWU5xZ0', '5149940635');
INSERT INTO registers VALUES('e7gSHp9zyE', '5148880182');
INSERT INTO registers VALUES('O1Psy5oqPi', '5148880182');
INSERT INTO registers VALUES('8LI6jbs9aL', '5142446622');
INSERT INTO registers VALUES('2FZAVH9QD9', '5146892832');
INSERT INTO registers VALUES('VqSG5XeVkA', '5146892832');
INSERT INTO registers VALUES('WyLp7KYxUO', '5140818039');
INSERT INTO registers VALUES('s8xJ4zWWaY', '5140818039');
INSERT INTO registers VALUES('XT303ljffq', '5143450263');
INSERT INTO registers VALUES('4OpNtoTp5I', '5143450263');
INSERT INTO registers VALUES('SM3owvwg3A', '5149717499');
INSERT INTO registers VALUES('I5HEOeDf1G', '5149717499');
INSERT INTO registers VALUES('0G4q9o0NII', '5147292989');
INSERT INTO registers VALUES('nEfYXCy1YK', '5146933153');
INSERT INTO registers VALUES('UAaXuGR0MM', '5146933153');
INSERT INTO registers VALUES('n6nGp5CdQL', '5143853646');
INSERT INTO registers VALUES('EslngImyUU', '5143853646');
INSERT INTO registers VALUES('cJBgv3964W', '5149520879');
INSERT INTO registers VALUES('KvMRkYaSWq', '5146139110');
INSERT INTO registers VALUES('V9627apzWX', '5149517857');
INSERT INTO registers VALUES('3eDrM6I9Wt', '5141124862');
INSERT INTO registers VALUES('50MEW7yVgp', '5143831621');
INSERT INTO registers VALUES('rnsNc6RO1B', '5143270113');
INSERT INTO registers VALUES('sQr0yGDYYQ', '5140958061');
INSERT INTO registers VALUES('fnUIXD72fq', '5140958061');
INSERT INTO registers VALUES('eTsUODZzGQ', '5147413288');
INSERT INTO registers VALUES('0abv0IGOIw', '5148743093');
INSERT INTO registers VALUES('crg0zV9Gu8', '5148743093');
INSERT INTO registers VALUES('WLgH14shco', '5146996349');
INSERT INTO registers VALUES('DEhpuFAdyh', '5144360846');
INSERT INTO registers VALUES('3HgBeQTYLA', '5144360846');
INSERT INTO registers VALUES('9vUk70A6LW', '5148545320');
INSERT INTO registers VALUES('kJDFEBwgme', '5145714236');
INSERT INTO registers VALUES('W1kYb52Z86', '5145714236');
INSERT INTO registers VALUES('YfcHszJwhl', '5143684774');
INSERT INTO registers VALUES('g8X8VBbGYF', '5149223187');
INSERT INTO registers VALUES('BVKGRpaVO1', '5149223187');
INSERT INTO registers VALUES('r5yUa2Pb2W', '5144373350');
INSERT INTO registers VALUES('Hc4FVUlrEo', '5140690913');
INSERT INTO registers VALUES('MtDmBJDlU5', '5149961674');
INSERT INTO registers VALUES('VXy0RoiZQa', '5146508660');
INSERT INTO registers VALUES('BOSwrfVMDN', '5148198376');
INSERT INTO registers VALUES('6Ncx9jdYkL', '5148198376');
INSERT INTO registers VALUES('Rss5QJ7xO3', '5143619646');
INSERT INTO registers VALUES('b4HsCpFKdz', '5143619646');
INSERT INTO registers VALUES('qwIQJnYdkr', '5145298983');
INSERT INTO registers VALUES('t97ySNfi65', '5141242451');
INSERT INTO registers VALUES('ssTCw2DiLN', '5141242451');
INSERT INTO registers VALUES('TstrlhGQn8', '5148258693');
INSERT INTO registers VALUES('hYppqwJLMz', '5148258693');
INSERT INTO registers VALUES('wrj0HZo09Z', '5141062122');
INSERT INTO registers VALUES('k1k7wQ1vNM', '5141062122');
INSERT INTO registers VALUES('qATCIjh607', '5141416347');
INSERT INTO registers VALUES('xf23UK8qDO', '5147133236');
INSERT INTO registers VALUES('n0HO7BBfFj', '5147133236');
INSERT INTO registers VALUES('vPFm6EOf1Y', '5146187344');
INSERT INTO registers VALUES('LBQaMAxQSX', '5146187344');
INSERT INTO registers VALUES('wOWvAsAGn5', '5141747138');
INSERT INTO registers VALUES('qMvOd0PUYb', '5141747138');
INSERT INTO registers VALUES('df7e70GwVX', '5144591359');
INSERT INTO registers VALUES('y4pg5LJgeu', '5144591359');
INSERT INTO registers VALUES('vKqLoxOPIW', '5143860065');
INSERT INTO registers VALUES('D8xUMxYmXO', '5143860065');
INSERT INTO registers VALUES('6uG8TFlxvh', '5144268858');
INSERT INTO registers VALUES('crX0CMeJNn', '5144268858');
INSERT INTO registers VALUES('S0j04gvSKc', '5143393136');
INSERT INTO registers VALUES('Ct1uW5eBnn', '5143393136');
INSERT INTO registers VALUES('l0t6upE6Pr', '5146371409');
INSERT INTO registers VALUES('r3oef16NhR', '5142107969');
INSERT INTO registers VALUES('O0BOCXliMC', '5142107969');
INSERT INTO registers VALUES('9ExAdtaLZT', '5144630225');
INSERT INTO registers VALUES('Q16wM83Gp1', '5149234493');
INSERT INTO registers VALUES('x9PUKDPGis', '5149234493');
INSERT INTO registers VALUES('3ua2GIxGAK', '5142640723');
INSERT INTO registers VALUES('0VTmTJQ9SC', '5142640723');
INSERT INTO registers VALUES('hM1aQB3wGh', '5145631774');
INSERT INTO registers VALUES('jasraB0QkR', '5148799849');
INSERT INTO registers VALUES('X6wr6Eg55s', '5141339392');
INSERT INTO registers VALUES('IQCdFo6z16', '5141339392');
INSERT INTO registers VALUES('cCPkgp4dhW', '5147963102');
INSERT INTO registers VALUES('fXDsUv3kvN', '5146559745');



-------------------- deliveredBy ------------------ 
INSERT INTO deliveredBy VALUES('sIgTOIpj36', '5143187723');
INSERT INTO deliveredBy VALUES('u8W93U7MvJ', '5148799788');
INSERT INTO deliveredBy VALUES('mPJirTdy70', '5142447998');
INSERT INTO deliveredBy VALUES('0NvLoYzfKt', '5147517919');
INSERT INTO deliveredBy VALUES('CiWI3WL4Z3', '5142358648');
INSERT INTO deliveredBy VALUES('jbgkHKxcMJ', '5141377582');
INSERT INTO deliveredBy VALUES('owGwfTbACs', '5143812357');
INSERT INTO deliveredBy VALUES('xwMHGaQl1z', '5144068935');
INSERT INTO deliveredBy VALUES('dJw8PUOEbU', '5146378769');
INSERT INTO deliveredBy VALUES('yLfh9WK8qA', '5144648131');
INSERT INTO deliveredBy VALUES('rgR2dD5whY', '5142447998');
INSERT INTO deliveredBy VALUES('tbXsRuTjLB', '5143187723');
INSERT INTO deliveredBy VALUES('8HdByp1PZ2', '5146249865');
INSERT INTO deliveredBy VALUES('osT9z5ho14', '5144016608');
INSERT INTO deliveredBy VALUES('JCCrEAIj4E', '5149079908');
INSERT INTO deliveredBy VALUES('0HrJYY9PjM', '5146194438');
INSERT INTO deliveredBy VALUES('oZexCNOJpE', '5144957209');
INSERT INTO deliveredBy VALUES('4cgC1wxrMk', '5144885213');
INSERT INTO deliveredBy VALUES('4kjAYGX9O3', '5149079908');
INSERT INTO deliveredBy VALUES('kaWMEgbKhm', '5144381604');
INSERT INTO deliveredBy VALUES('2UO8p2VJ8m', '5148028563');
INSERT INTO deliveredBy VALUES('byCrYnvgoX', '5140125324');
INSERT INTO deliveredBy VALUES('SEXXDAfESj', '5149538125');
INSERT INTO deliveredBy VALUES('hwreu2ejlg', '5146206271');
INSERT INTO deliveredBy VALUES('RVdpue4ape', '5140583408');
INSERT INTO deliveredBy VALUES('EFedsuSNd9', '5146249865');
INSERT INTO deliveredBy VALUES('NE1vDZt9Zv', '5144957209');
INSERT INTO deliveredBy VALUES('OaGAyHLa69', '5149062155');
INSERT INTO deliveredBy VALUES('LTVYvETpDP', '5149367059');
INSERT INTO deliveredBy VALUES('IsD5FyS2s2', '5147935496');
INSERT INTO deliveredBy VALUES('WTVwqqkX07', '5146215992');
INSERT INTO deliveredBy VALUES('IPn8iVlhd2', '5143183643');
INSERT INTO deliveredBy VALUES('K8o5nJLosT', '5149035975');
INSERT INTO deliveredBy VALUES('vVC8lwu5W6', '5148658202');
INSERT INTO deliveredBy VALUES('gxsfHwss1C', '5148511121');
INSERT INTO deliveredBy VALUES('ReRYE5V3bL', '5142925360');
INSERT INTO deliveredBy VALUES('vmsEJoeC5a', '5141812784');
INSERT INTO deliveredBy VALUES('wzh2BKTc59', '5142178505');
INSERT INTO deliveredBy VALUES('b2DAeuL3Yo', '5143948617');
INSERT INTO deliveredBy VALUES('0msiF4LoW8', '5141377582');
INSERT INTO deliveredBy VALUES('doUsO3eBWj', '5143187723');
INSERT INTO deliveredBy VALUES('FuldUWw4KV', '5140360744');
INSERT INTO deliveredBy VALUES('QZuCMpPXJP', '5142691930');
INSERT INTO deliveredBy VALUES('FXCnQMTCz1', '5149035975');
INSERT INTO deliveredBy VALUES('pEMGhMxwf0', '5144885213');
INSERT INTO deliveredBy VALUES('D7wiBwardu', '5148028563');
INSERT INTO deliveredBy VALUES('qMM9e1GQXQ', '5140583408');
INSERT INTO deliveredBy VALUES('1wc0uEYoXC', '5149079908');
INSERT INTO deliveredBy VALUES('eFaM3Ri822', '5142929092');
INSERT INTO deliveredBy VALUES('5verIpzdpl', '5146705246');
INSERT INTO deliveredBy VALUES('76ZqP9yTbB', '5148900834');
INSERT INTO deliveredBy VALUES('yXWzXZt5sJ', '5143541228');
INSERT INTO deliveredBy VALUES('boOB74DGPp', '5149347848');
INSERT INTO deliveredBy VALUES('lq3qfi4hyT', '5141179627');
INSERT INTO deliveredBy VALUES('JKZaEeUGlk', '5149584640');
INSERT INTO deliveredBy VALUES('QmWWml0b9g', '5149538125');
INSERT INTO deliveredBy VALUES('0UCd86YdGn', '5148511121');
INSERT INTO deliveredBy VALUES('ntdYyGPo16', '5144016608');
INSERT INTO deliveredBy VALUES('iCatLaak9F', '5141265260');
INSERT INTO deliveredBy VALUES('9X7hobecj5', '5143187723');
INSERT INTO deliveredBy VALUES('HwNJuvxrnQ', '5148658202');
INSERT INTO deliveredBy VALUES('LySWZuIiF7', '5141218926');
INSERT INTO deliveredBy VALUES('03rI8J0rCv', '5144016608');
INSERT INTO deliveredBy VALUES('wJ6UNyEdLG', '5141377582');
INSERT INTO deliveredBy VALUES('5A8OFoTRV9', '5148401971');
INSERT INTO deliveredBy VALUES('7DCmZED8I1', '5148900834');
INSERT INTO deliveredBy VALUES('S3uu7giJyL', '5141377582');
INSERT INTO deliveredBy VALUES('hAcCSQvF2t', '5141179627');



-------------------- saves ------------------ 
INSERT INTO saves VALUES('5143809594', 'biszpCu4uW');
INSERT INTO saves VALUES('5145234586', 'T0F3NLbma6');
INSERT INTO saves VALUES('5145234586', 'HNBJCuczME');
INSERT INTO saves VALUES('5145234586', 'gKeoCBxm49');
INSERT INTO saves VALUES('5145234586', 'kNxTz1zUtX');
INSERT INTO saves VALUES('5145234586', 'dlXZJYilkM');
INSERT INTO saves VALUES('5148763252', 'XOVwAHcJbm');
INSERT INTO saves VALUES('5148763252', '1KXPQXepui');
INSERT INTO saves VALUES('5148763252', 'Q8wXSJYF3N');
INSERT INTO saves VALUES('5148763252', 'oU0KyiDU7t');
INSERT INTO saves VALUES('5148763252', '7XpgKY1gcK');
INSERT INTO saves VALUES('5140040461', 'cp7fGjxnEz');
INSERT INTO saves VALUES('5146532299', '8BMsWX04Aj');
INSERT INTO saves VALUES('5144065323', 'OW5JaPvaJt');
INSERT INTO saves VALUES('5144065323', 'IoySkaTSsv');
INSERT INTO saves VALUES('5149707682', 'JKJdtJXE5n');
INSERT INTO saves VALUES('5149707682', 'OeKZw4kWg5');
INSERT INTO saves VALUES('5149707682', 'jsyPoA7E6e');
INSERT INTO saves VALUES('5142229540', 'p5zyrZ0Dsb');
INSERT INTO saves VALUES('5143260839', 'GH0H8AqeQk');
INSERT INTO saves VALUES('5143260839', 'ihEWdKJTXt');
INSERT INTO saves VALUES('5143260839', 'pvlh2dFgAc');
INSERT INTO saves VALUES('5142455267', 'qviv8mbxWr');
INSERT INTO saves VALUES('5142455267', 'TR9SM4FCsq');
INSERT INTO saves VALUES('5142455267', 'ixT0t5S7NO');
INSERT INTO saves VALUES('5145347464', '7lk9QeYFjl');
INSERT INTO saves VALUES('5145347464', 'zfS9Qb4f2F');
INSERT INTO saves VALUES('5148973301', 'DoqOyCZ1EG');
INSERT INTO saves VALUES('5142475072', '7OBtqdgr98');
INSERT INTO saves VALUES('5142475072', 'rvrLfYTFWC');
INSERT INTO saves VALUES('5142475072', 'YHjfwxyJ3R');
INSERT INTO saves VALUES('5142475072', '8OPSNpH6w4');
INSERT INTO saves VALUES('5144632359', 'wA0pR0D5GG');
INSERT INTO saves VALUES('5144632359', 'OhIqfojv2x');
INSERT INTO saves VALUES('5144632359', 'JlqrlabTIj');
INSERT INTO saves VALUES('5146723263', 'c5CAwtBEMH');
INSERT INTO saves VALUES('5146723263', 'rczpV5Ha5Y');
INSERT INTO saves VALUES('5144836774', 'NayXOm1tWR');
INSERT INTO saves VALUES('5144836774', 'JgkS8mnhsb');
INSERT INTO saves VALUES('5148437242', '09AT2LWTZe');
INSERT INTO saves VALUES('5148437242', 'MxykWjXrNh');
INSERT INTO saves VALUES('5148437242', 'juqPI1auMo');
INSERT INTO saves VALUES('5147122821', 'yptTGaGL2L');
INSERT INTO saves VALUES('5147122821', 'OeKZw4kWg5');
INSERT INTO saves VALUES('5147122821', 'wTORRrNbIf');
INSERT INTO saves VALUES('5147122821', '47p4La63el');
INSERT INTO saves VALUES('5141440032', 'okTYn6dHhH');
INSERT INTO saves VALUES('5141440032', 'NW3N7NoZ2q');
INSERT INTO saves VALUES('5142226523', 'L5YWYirMk4');
INSERT INTO saves VALUES('5142226523', 'wb1QLUuyU7');
INSERT INTO saves VALUES('5149940635', 'YhORmZrh7U');
INSERT INTO saves VALUES('5149940635', 'RDQkmz1ILe');
INSERT INTO saves VALUES('5148880182', 'MUFn1YME22');
INSERT INTO saves VALUES('5148880182', 'N2YtnO4PV2');
INSERT INTO saves VALUES('5148880182', 'YRXpaU9kZ2');
INSERT INTO saves VALUES('5148874900', '1mgaCck2uU');
INSERT INTO saves VALUES('5148874900', 'HRlYYIZeNc');
INSERT INTO saves VALUES('5148874900', 'H1NMmKDOmd');
INSERT INTO saves VALUES('5142446622', 'em0qM2ewcr');
INSERT INTO saves VALUES('5142446622', 'MqAZO4grL2');
INSERT INTO saves VALUES('5142446622', '4jS9wHMoOY');
INSERT INTO saves VALUES('5141967004', 'xOU9oBGhaM');
INSERT INTO saves VALUES('5146892832', 'eNXXqGfMuo');
INSERT INTO saves VALUES('5146892832', 'wRQCNtc6VP');
INSERT INTO saves VALUES('5149146465', 'JcAGkUavtJ');
INSERT INTO saves VALUES('5149146465', 'N6WAWwSi3c');
INSERT INTO saves VALUES('5148808748', 'pxKyYHSJYL');
INSERT INTO saves VALUES('5148808748', '5AwMivIgy9');
INSERT INTO saves VALUES('5140818039', 'pTGZ2Bv1Vs');
INSERT INTO saves VALUES('5140818039', 'y7ts6cARhI');
INSERT INTO saves VALUES('5143450263', 'nnNjn4UwBc');
INSERT INTO saves VALUES('5143450263', 'tKKHTJPVhp');
INSERT INTO saves VALUES('5144394555', 'Anek89wy84');
INSERT INTO saves VALUES('5144394555', '14S7osaHEf');
INSERT INTO saves VALUES('5148363370', 'xuvjKV9L0z');
INSERT INTO saves VALUES('5148363370', 'OeFt0JRrC8');
INSERT INTO saves VALUES('5148363370', 'vjha193S6J');
INSERT INTO saves VALUES('5146933153', 'u94tdBUkf6');
INSERT INTO saves VALUES('5146933153', 'IE80QhN2BU');
INSERT INTO saves VALUES('5143853646', 'IrNScNlJik');
INSERT INTO saves VALUES('5149520879', 'sfS6gehipE');
INSERT INTO saves VALUES('5146173456', 'lRlm9rJiqA');
INSERT INTO saves VALUES('5146173456', 'qEIkYfYxJ8');
INSERT INTO saves VALUES('5146173456', 'B25ZjrQegz');
INSERT INTO saves VALUES('5146139110', 'Ue47XPdDXo');
INSERT INTO saves VALUES('5141124862', 'jneVY8iAzj');
INSERT INTO saves VALUES('5143831621', 'z5PMtSRMLN');
INSERT INTO saves VALUES('5143831621', 'UCOemmjJcu');
INSERT INTO saves VALUES('5143831621', 'pCi33fnIVU');
INSERT INTO saves VALUES('5143831621', 'YUKwVIvYLA');
INSERT INTO saves VALUES('5143831621', 'qDK6bBOiJv');
INSERT INTO saves VALUES('5141848033', '6EKnrVYNy2');
INSERT INTO saves VALUES('5141848033', 'PZiaoAyjjC');
INSERT INTO saves VALUES('5141848033', 'JihKNsQ9da');
INSERT INTO saves VALUES('5143270113', '0NMe7aGg4q');
INSERT INTO saves VALUES('5140958061', 'n1H47qX4Lv');
INSERT INTO saves VALUES('5149371920', 'BzbCQ2IEbg');
INSERT INTO saves VALUES('5149371920', 'muxrzQBnCm');
INSERT INTO saves VALUES('5149371920', 'hSkOTQZADo');
INSERT INTO saves VALUES('5145103381', 'FTodXHBdPW');
INSERT INTO saves VALUES('5148743093', '8cILnqX9TY');
INSERT INTO saves VALUES('5148743093', 'TqYfJjQCaF');
INSERT INTO saves VALUES('5148743093', 'FEPlwSe159');
INSERT INTO saves VALUES('5148743093', 'yxWcnDCEqD');
INSERT INTO saves VALUES('5146996349', 'claYy4G57w');
INSERT INTO saves VALUES('5144360846', 'xmPPybpOsb');
INSERT INTO saves VALUES('5144360846', 's5ujQPOwzc');
INSERT INTO saves VALUES('5144360846', 'BcXxhf2PJb');
INSERT INTO saves VALUES('5144360846', 'GnhGSRWFkU');
INSERT INTO saves VALUES('5148545320', 'uAewdjChyg');
INSERT INTO saves VALUES('5145714236', 'M6Zftso4OF');
INSERT INTO saves VALUES('5148928758', 'cR7KT7Vyil');
INSERT INTO saves VALUES('5148928758', 'bWPUFNCJJW');
INSERT INTO saves VALUES('5144993198', 'cWkVJugoE1');
INSERT INTO saves VALUES('5143684774', 'Sz2Ct4XAbE');
INSERT INTO saves VALUES('5143684774', 'SUCQXEvsDp');
INSERT INTO saves VALUES('5143684774', 'IZxjVwdqrf');
INSERT INTO saves VALUES('5142053093', '9uxWJQmM4G');
INSERT INTO saves VALUES('5142053093', 'o1e97A2wjQ');
INSERT INTO saves VALUES('5142053093', 'bMmkbWsVGa');
INSERT INTO saves VALUES('5149223187', 'pxKyYHSJYL');
INSERT INTO saves VALUES('5144373350', '4T3AXUzpak');
INSERT INTO saves VALUES('5140690913', 'JOZPh7PkSn');
INSERT INTO saves VALUES('5140690913', 'G18TekkoE5');
INSERT INTO saves VALUES('5146508660', 'N7uGIpUVts');
INSERT INTO saves VALUES('5146508660', 'claYy4G57w');
INSERT INTO saves VALUES('5146508660', 'iqebTw0Axv');
INSERT INTO saves VALUES('5148198376', 'sUUST6yfPC');
INSERT INTO saves VALUES('5148198376', 'txSdWRqbZv');
INSERT INTO saves VALUES('5148198376', 'sRjy1GUB0f');
INSERT INTO saves VALUES('5142402281', 'BzbCQ2IEbg');
INSERT INTO saves VALUES('5142402281', 'ShsXrCwBYt');
INSERT INTO saves VALUES('5143619646', 'O8nnKKwy9U');
INSERT INTO saves VALUES('5143619646', 'lpA7dq2m7m');
INSERT INTO saves VALUES('5145298983', 'jytnKGjvEI');
INSERT INTO saves VALUES('5147145596', 'Jquye60SdS');
INSERT INTO saves VALUES('5148258693', 'FXldogKnN2');
INSERT INTO saves VALUES('5148258693', 's6rq7t9Gxz');
INSERT INTO saves VALUES('5148258693', 'Zo6tEpiiEf');
INSERT INTO saves VALUES('5148258693', 'UaROa14Swn');
INSERT INTO saves VALUES('5148258693', 'eNzw9fPUCm');
INSERT INTO saves VALUES('5141062122', 'BJl33rB7N5');
INSERT INTO saves VALUES('5144197578', 'SPv4I1bSQ7');
INSERT INTO saves VALUES('5147133236', 'QOHJ4vvocm');
INSERT INTO saves VALUES('5143498198', 'Ki7JNgWFFM');
INSERT INTO saves VALUES('5143498198', 'Gw6nxzzz7c');
INSERT INTO saves VALUES('5146187344', 'S1hDeVtWD6');
INSERT INTO saves VALUES('5146187344', 'OoLEoQoI4Z');
INSERT INTO saves VALUES('5146187344', 'BZ61AkTz1y');
INSERT INTO saves VALUES('5146717198', 'rZCxynfqoF');
INSERT INTO saves VALUES('5146717198', 'vLCsdbpOSm');
INSERT INTO saves VALUES('5148938350', 'XmX0ZwlZKJ');
INSERT INTO saves VALUES('5148938350', 'zi0QxugrGf');
INSERT INTO saves VALUES('5148938350', 'rH0GUJXlUh');
INSERT INTO saves VALUES('5148938350', 'wTv4ViGlMA');
INSERT INTO saves VALUES('5148938350', 'jXduPf0lqj');
INSERT INTO saves VALUES('5148938350', 'lkpUpjFYXs');
INSERT INTO saves VALUES('5141747138', 'q9Z1afVAnG');
INSERT INTO saves VALUES('5144885864', '7Qr4ZP8V5r');
INSERT INTO saves VALUES('5144591359', 'ikhEnRRgdi');
INSERT INTO saves VALUES('5144591359', 'jiAsmeegCD');
INSERT INTO saves VALUES('5144591359', '5tAIPKp7jx');
INSERT INTO saves VALUES('5144591359', 'vNSCpE1mUY');
INSERT INTO saves VALUES('5143860065', 'bmjSFFiUeM');
INSERT INTO saves VALUES('5143860065', 'wD3NjBC3Oe');
INSERT INTO saves VALUES('5144268858', 'GJ0F6CgN1r');
INSERT INTO saves VALUES('5144268858', 'i3cIZf78pv');
INSERT INTO saves VALUES('5144268858', 'D5swmoVIHz');
INSERT INTO saves VALUES('5144268858', 'E4L5hHezMQ');
INSERT INTO saves VALUES('5143466070', 'DdI7pVrzt1');
INSERT INTO saves VALUES('5143466070', 'mIFt9q98OM');
INSERT INTO saves VALUES('5143393136', 'rtQGwblKf4');
INSERT INTO saves VALUES('5146371409', '0ahGZvDnbc');
INSERT INTO saves VALUES('5146371409', 'Ldqgjxlx48');
INSERT INTO saves VALUES('5146371409', 'DXFm6xzEhl');
INSERT INTO saves VALUES('5146371409', 'dLoAgeE5s6');
INSERT INTO saves VALUES('5146371409', 'MiPNm3z4Om');
INSERT INTO saves VALUES('5142107969', 'J8eBYEnKuk');
INSERT INTO saves VALUES('5142107969', 'XkGZS9NiZx');
INSERT INTO saves VALUES('5141068668', 'uIXT9DL1W1');
INSERT INTO saves VALUES('5141068668', 'pCCT0fIFLe');
INSERT INTO saves VALUES('5141068668', 'neoJvShv5Z');
INSERT INTO saves VALUES('5144630225', 'w0oPIrUUC7');
INSERT INTO saves VALUES('5149234493', 'S8VggxutWA');
INSERT INTO saves VALUES('5149234493', 'BdSqycihSv');
INSERT INTO saves VALUES('5149234493', 'RivBCIq2MB');
INSERT INTO saves VALUES('5146887512', 'txSdWRqbZv');
INSERT INTO saves VALUES('5146887512', 'HRlYYIZeNc');
INSERT INTO saves VALUES('5146887512', 'C4ptHxDtPO');
INSERT INTO saves VALUES('5146887512', 'QJX0dnQXhM');
INSERT INTO saves VALUES('5142640723', '9evQGsoaB7');
INSERT INTO saves VALUES('5142640723', 'TmaiBIBWzJ');
INSERT INTO saves VALUES('5148799849', 'GPJu5cmXB6');
INSERT INTO saves VALUES('5148799849', 'NBTIhdoAPe');
INSERT INTO saves VALUES('5148799849', 'JVvwnycZRV');
INSERT INTO saves VALUES('5148799849', 'qUDlpr390t');
INSERT INTO saves VALUES('5141339392', 'lwcR6dFXOo');
INSERT INTO saves VALUES('5147963102', 'pcTNdWx04A');
INSERT INTO saves VALUES('5147963102', 'Ei866ms2eT');
INSERT INTO saves VALUES('5147963102', 'Nr4q8OFIyH');
INSERT INTO saves VALUES('5147963102', '3NhNZpGnXs');
INSERT INTO saves VALUES('5147963102', 'lC0KchTeSB');
INSERT INTO saves VALUES('5147963102', 'o44eI0YfmH');
INSERT INTO saves VALUES('5146559745', 'NSW60UbkVm');
INSERT INTO saves VALUES('5146559745', 'RBM0WCgzkn');
INSERT INTO saves VALUES('5146559745', 'XtL5tgq4Ev');



-------------------- categorizedAs ------------------ 
INSERT INTO categorizedAs VALUES('FbMIHqwJiq', 'YAhoTS12J2');
INSERT INTO categorizedAs VALUES('9WKthnwsF2', 'YAhoTS12J2');
INSERT INTO categorizedAs VALUES('MZopneGsrk', 'eqXhTDAUCI');
INSERT INTO categorizedAs VALUES('jaqABSr3Zv', 'eqXhTDAUCI');
INSERT INTO categorizedAs VALUES('UfuCqD6K1A', 'yJwPUGE4eB');
INSERT INTO categorizedAs VALUES('qaomQmzAlt', 'yJwPUGE4eB');
INSERT INTO categorizedAs VALUES('A03UtM7Myx', 'uizHQt3vNw');
INSERT INTO categorizedAs VALUES('8Qeh18URWs', 'uizHQt3vNw');
INSERT INTO categorizedAs VALUES('MZopneGsrk', '7qhjCWfX2s');
INSERT INTO categorizedAs VALUES('8JfEMZ2YEb', 'Gjr3anFdSr');
INSERT INTO categorizedAs VALUES('8Qeh18URWs', 'sPmqoBtmmK');
INSERT INTO categorizedAs VALUES('UfuCqD6K1A', 'sPmqoBtmmK');
INSERT INTO categorizedAs VALUES('A03UtM7Myx', 'M9OhGjiQLa');
INSERT INTO categorizedAs VALUES('jaqABSr3Zv', 'I4zaUKbrkV');
INSERT INTO categorizedAs VALUES('jaqABSr3Zv', 'Ui4S8KNkbN');
INSERT INTO categorizedAs VALUES('8JfEMZ2YEb', '2VDU6pYmAD');
INSERT INTO categorizedAs VALUES('OF7e47EA90', '2VDU6pYmAD');
INSERT INTO categorizedAs VALUES('UfuCqD6K1A', 'JxSofFgUgt');
INSERT INTO categorizedAs VALUES('8Qeh18URWs', '4dyvTjBtGx');
INSERT INTO categorizedAs VALUES('92FzNsRVMH', 'Dk5IpTkf8c');
INSERT INTO categorizedAs VALUES('qaomQmzAlt', 'wSwnlGeXAT');
INSERT INTO categorizedAs VALUES('8JfEMZ2YEb', 'vTZOzJ8Wl0');
INSERT INTO categorizedAs VALUES('8JfEMZ2YEb', 'akRWWQObaF');
INSERT INTO categorizedAs VALUES('8Qeh18URWs', 'whpqmyqJ3r');
INSERT INTO categorizedAs VALUES('jaqABSr3Zv', 'tNbkCFUmDp');
INSERT INTO categorizedAs VALUES('UfuCqD6K1A', 'Z9XIGGxXOP');
INSERT INTO categorizedAs VALUES('HNpos3yqHC', 'Z9XIGGxXOP');
INSERT INTO categorizedAs VALUES('I2S6o5DtUN', 'OrhXY3mlyD');
INSERT INTO categorizedAs VALUES('pHu51hiiwy', 'OrhXY3mlyD');
INSERT INTO categorizedAs VALUES('bOp6mDw05P', '6lnzexABPM');
INSERT INTO categorizedAs VALUES('OF7e47EA90', '6lnzexABPM');
INSERT INTO categorizedAs VALUES('FbMIHqwJiq', 'BvAsztuPK3');
INSERT INTO categorizedAs VALUES('SuEmINS4ii', 'BvAsztuPK3');
INSERT INTO categorizedAs VALUES('rdvDxkJ4xx', 'dc3qPzf9vW');
INSERT INTO categorizedAs VALUES('HNpos3yqHC', 'FloqL28XR7');
INSERT INTO categorizedAs VALUES('OF7e47EA90', 'jfRTlJB54m');
INSERT INTO categorizedAs VALUES('OgNhqdLJv4', 'VTPrJXWypi');
INSERT INTO categorizedAs VALUES('92FzNsRVMH', '8l7yuRqWmz');
INSERT INTO categorizedAs VALUES('92FzNsRVMH', 'rEWXUJEYGk');
INSERT INTO categorizedAs VALUES('OgNhqdLJv4', 'rEWXUJEYGk');
INSERT INTO categorizedAs VALUES('FbMIHqwJiq', 'Yg5x7BQ5BI');
INSERT INTO categorizedAs VALUES('OF7e47EA90', 'Yg5x7BQ5BI');
INSERT INTO categorizedAs VALUES('HNpos3yqHC', 'UEVKgu7CYU');
INSERT INTO categorizedAs VALUES('92FzNsRVMH', 'eqIanSn1tP');
INSERT INTO categorizedAs VALUES('bOp6mDw05P', 'okZMlKmyIz');
INSERT INTO categorizedAs VALUES('HRWgnBrSqk', 'zHkNPEKMDV');
INSERT INTO categorizedAs VALUES('bOp6mDw05P', 'zHkNPEKMDV');
INSERT INTO categorizedAs VALUES('UfuCqD6K1A', '3t0uGHupeJ');
INSERT INTO categorizedAs VALUES('FbMIHqwJiq', '3t0uGHupeJ');
INSERT INTO categorizedAs VALUES('MZopneGsrk', 'LngBuxsLZo');
INSERT INTO categorizedAs VALUES('UfuCqD6K1A', 'LngBuxsLZo');
INSERT INTO categorizedAs VALUES('I2S6o5DtUN', 'BzZ86WdFsK');
INSERT INTO categorizedAs VALUES('A03UtM7Myx', 'ooQC6oigl8');
INSERT INTO categorizedAs VALUES('9WKthnwsF2', 'ooQC6oigl8');
INSERT INTO categorizedAs VALUES('UfuCqD6K1A', 'JMKcbvPggj');
INSERT INTO categorizedAs VALUES('pHu51hiiwy', 'JMKcbvPggj');
INSERT INTO categorizedAs VALUES('OgNhqdLJv4', '9rwKqQx76o');
INSERT INTO categorizedAs VALUES('bOp6mDw05P', 'j1EmsCev6O');
INSERT INTO categorizedAs VALUES('HRWgnBrSqk', 'H2JvO8O4my');
INSERT INTO categorizedAs VALUES('rdvDxkJ4xx', 'GoTmgZwzE2');
INSERT INTO categorizedAs VALUES('FbMIHqwJiq', 'sLRjrKkLUd');
INSERT INTO categorizedAs VALUES('bOp6mDw05P', 'sLRjrKkLUd');
INSERT INTO categorizedAs VALUES('HNpos3yqHC', 'djHWvWobTp');
INSERT INTO categorizedAs VALUES('OF7e47EA90', 'djHWvWobTp');
INSERT INTO categorizedAs VALUES('8Qeh18URWs', 'VU20i2Yduz');
INSERT INTO categorizedAs VALUES('h0wcPvmNA7', 'VU20i2Yduz');
INSERT INTO categorizedAs VALUES('I2S6o5DtUN', '99h8Jkfmg9');
INSERT INTO categorizedAs VALUES('rdvDxkJ4xx', '99h8Jkfmg9');
INSERT INTO categorizedAs VALUES('UfuCqD6K1A', 'x6XKDLVsmX');
INSERT INTO categorizedAs VALUES('A03UtM7Myx', 'x6XKDLVsmX');
INSERT INTO categorizedAs VALUES('OF7e47EA90', '1sekHl7XAp');
INSERT INTO categorizedAs VALUES('MZopneGsrk', '1sekHl7XAp');
INSERT INTO categorizedAs VALUES('OF7e47EA90', 'R9K0wz6YTN');
INSERT INTO categorizedAs VALUES('SuEmINS4ii', 'R9K0wz6YTN');
INSERT INTO categorizedAs VALUES('9WKthnwsF2', 'qJSFCYdP2e');
INSERT INTO categorizedAs VALUES('qaomQmzAlt', 'qJSFCYdP2e');
INSERT INTO categorizedAs VALUES('bOp6mDw05P', '5KFZofrRBJ');
INSERT INTO categorizedAs VALUES('rdvDxkJ4xx', '5KFZofrRBJ');
INSERT INTO categorizedAs VALUES('OgNhqdLJv4', 'ABXnulX0MQ');
INSERT INTO categorizedAs VALUES('SuEmINS4ii', 'HO6zuIMfbh');
INSERT INTO categorizedAs VALUES('8Qeh18URWs', '8oPTAxIIft');
INSERT INTO categorizedAs VALUES('9WKthnwsF2', 'gsAiDeqNYP');
INSERT INTO categorizedAs VALUES('92FzNsRVMH', 'qflmNc7cnk');
INSERT INTO categorizedAs VALUES('A03UtM7Myx', 'qflmNc7cnk');
INSERT INTO categorizedAs VALUES('pHu51hiiwy', 'vvhojlp2SY');
INSERT INTO categorizedAs VALUES('HNpos3yqHC', 'vvhojlp2SY');
INSERT INTO categorizedAs VALUES('qaomQmzAlt', 'PB5ItrpTO4');
INSERT INTO categorizedAs VALUES('HNpos3yqHC', '7GlctaY0Ee');
INSERT INTO categorizedAs VALUES('qaomQmzAlt', '7GlctaY0Ee');
INSERT INTO categorizedAs VALUES('OF7e47EA90', 'ICl2KWzDS0');
INSERT INTO categorizedAs VALUES('pHu51hiiwy', 'xy8MVnTsI7');
INSERT INTO categorizedAs VALUES('MZopneGsrk', 'xy8MVnTsI7');
INSERT INTO categorizedAs VALUES('8Qeh18URWs', 'jC4cerpRED');
INSERT INTO categorizedAs VALUES('qaomQmzAlt', 'iHMU0TelCB');
INSERT INTO categorizedAs VALUES('SuEmINS4ii', 'iHMU0TelCB');
INSERT INTO categorizedAs VALUES('FbMIHqwJiq', 'x9cajowVrH');
INSERT INTO categorizedAs VALUES('h0wcPvmNA7', 'x9cajowVrH');
INSERT INTO categorizedAs VALUES('qaomQmzAlt', 'gN7Z4GvGnd');
INSERT INTO categorizedAs VALUES('92FzNsRVMH', 'gN7Z4GvGnd');
INSERT INTO categorizedAs VALUES('OgNhqdLJv4', '18aMU4DGYx');
INSERT INTO categorizedAs VALUES('qaomQmzAlt', 'e1bRcWCXV4');
INSERT INTO categorizedAs VALUES('92FzNsRVMH', 'x4sO7niRuO');
INSERT INTO categorizedAs VALUES('OF7e47EA90', 'PRJrtxkLtj');
INSERT INTO categorizedAs VALUES('MZopneGsrk', 'PRJrtxkLtj');
INSERT INTO categorizedAs VALUES('FbMIHqwJiq', 'w8YIrUsNLD');
INSERT INTO categorizedAs VALUES('bOp6mDw05P', '2PHRUCHecL');
INSERT INTO categorizedAs VALUES('SuEmINS4ii', '2PHRUCHecL');
INSERT INTO categorizedAs VALUES('jaqABSr3Zv', '2wtmpjwmzS');
INSERT INTO categorizedAs VALUES('jaqABSr3Zv', 'QvcvxTPHam');
INSERT INTO categorizedAs VALUES('HRWgnBrSqk', 'GIwRGWZ38K');
INSERT INTO categorizedAs VALUES('I2S6o5DtUN', 'GIwRGWZ38K');
INSERT INTO categorizedAs VALUES('MZopneGsrk', 'i9LhWB8rhG');
INSERT INTO categorizedAs VALUES('OgNhqdLJv4', 'i9LhWB8rhG');
INSERT INTO categorizedAs VALUES('HRWgnBrSqk', '70jVtIws8G');
INSERT INTO categorizedAs VALUES('h0wcPvmNA7', '70jVtIws8G');
INSERT INTO categorizedAs VALUES('HNpos3yqHC', 'DIVSJfEg0n');
INSERT INTO categorizedAs VALUES('UfuCqD6K1A', 'YNTsfAYz1g');
INSERT INTO categorizedAs VALUES('FbMIHqwJiq', 'YNTsfAYz1g');
INSERT INTO categorizedAs VALUES('A03UtM7Myx', 'kb8lNgM149');
INSERT INTO categorizedAs VALUES('8JfEMZ2YEb', 'kb8lNgM149');
INSERT INTO categorizedAs VALUES('I2S6o5DtUN', 'Tu9I9dCZ4v');
INSERT INTO categorizedAs VALUES('UfuCqD6K1A', 'SIJ8YJuUpi');
INSERT INTO categorizedAs VALUES('pHu51hiiwy', 'nKQuKZEbN2');
INSERT INTO categorizedAs VALUES('92FzNsRVMH', 'fe8yRzZHeN');
INSERT INTO categorizedAs VALUES('bOp6mDw05P', 'F09TwtUYgc');
INSERT INTO categorizedAs VALUES('HNpos3yqHC', 'Pr5XOEdZ0k');
INSERT INTO categorizedAs VALUES('jaqABSr3Zv', 'Pr5XOEdZ0k');
INSERT INTO categorizedAs VALUES('bOp6mDw05P', 'v3MAfKurxa');
INSERT INTO categorizedAs VALUES('8Qeh18URWs', 'v3MAfKurxa');
INSERT INTO categorizedAs VALUES('9WKthnwsF2', 'wncFNSCclL');
INSERT INTO categorizedAs VALUES('rdvDxkJ4xx', 'DpPzA3uQRM');
INSERT INTO categorizedAs VALUES('HRWgnBrSqk', 'DpPzA3uQRM');
INSERT INTO categorizedAs VALUES('SuEmINS4ii', 'KPhIByyUoZ');
INSERT INTO categorizedAs VALUES('9WKthnwsF2', 'KPhIByyUoZ');
INSERT INTO categorizedAs VALUES('FbMIHqwJiq', 'h97LluucKu');
INSERT INTO categorizedAs VALUES('FbMIHqwJiq', '729NtN6dm5');
INSERT INTO categorizedAs VALUES('rdvDxkJ4xx', '729NtN6dm5');
INSERT INTO categorizedAs VALUES('FbMIHqwJiq', 'ujDJLQekr3');
INSERT INTO categorizedAs VALUES('FbMIHqwJiq', 'gkaShrwxO8');
INSERT INTO categorizedAs VALUES('jaqABSr3Zv', 'gkaShrwxO8');
INSERT INTO categorizedAs VALUES('FbMIHqwJiq', 'BtRkRMBC1E');
INSERT INTO categorizedAs VALUES('rdvDxkJ4xx', 'BtRkRMBC1E');
INSERT INTO categorizedAs VALUES('OgNhqdLJv4', 'zsCytKS3Gl');
INSERT INTO categorizedAs VALUES('h0wcPvmNA7', 'zsCytKS3Gl');
INSERT INTO categorizedAs VALUES('OgNhqdLJv4', 'TkSnAItBtL');
INSERT INTO categorizedAs VALUES('FbMIHqwJiq', 'fGSWyKP1oi');
INSERT INTO categorizedAs VALUES('9WKthnwsF2', 'o2CW8kk36a');
INSERT INTO categorizedAs VALUES('OF7e47EA90', 'p6DAucaRTz');
INSERT INTO categorizedAs VALUES('pHu51hiiwy', 'p6DAucaRTz');



-------------------- reviews ------------------ 
INSERT INTO reviews VALUES('sIgTOIpj36', 'j1EmsCev6O', 4, 'Awesome!');
INSERT INTO reviews VALUES('NHywXBXU8f', 'x9cajowVrH', 5, 'Hmmm');
INSERT INTO reviews VALUES('mPJirTdy70', 'H2JvO8O4my', 2, 'recommended');
INSERT INTO reviews VALUES('CiWI3WL4Z3', 'KPhIByyUoZ', 1, 'Not bad');
INSERT INTO reviews VALUES('pKAkjxrOAu', 'JxSofFgUgt', 1, 'Nice!');
INSERT INTO reviews VALUES('Kx9tgWuMp8', 'Yg5x7BQ5BI', 2, 'Nice!');
INSERT INTO reviews VALUES('8HdByp1PZ2', 'I4zaUKbrkV', 3, 'Awesome!');
INSERT INTO reviews VALUES('JCCrEAIj4E', 'DIVSJfEg0n', 3, 'recommended');
INSERT INTO reviews VALUES('3UF48BjLVG', 'Z9XIGGxXOP', 2, 'recommended');
INSERT INTO reviews VALUES('byCrYnvgoX', 'Z9XIGGxXOP', 2, 'Nice!');
INSERT INTO reviews VALUES('hwreu2ejlg', 'PRJrtxkLtj', 2, 'Hmmm');
INSERT INTO reviews VALUES('NE1vDZt9Zv', 'BzZ86WdFsK', 1, 'Awesome!');
INSERT INTO reviews VALUES('NQzcIs2u52', 'x9cajowVrH', 4, 'Nice!');
INSERT INTO reviews VALUES('krRY2s9AOD', 'jfRTlJB54m', 4, 'recommended');
INSERT INTO reviews VALUES('4DFlykAEO6', 'ABXnulX0MQ', 1, 'Nice!');
INSERT INTO reviews VALUES('vVC8lwu5W6', 'whpqmyqJ3r', 5, 'Not bad');
INSERT INTO reviews VALUES('gxsfHwss1C', 'kb8lNgM149', 3, 'recommended');
INSERT INTO reviews VALUES('yXWzXZt5sJ', 'GoTmgZwzE2', 5, 'recommended');
INSERT INTO reviews VALUES('pAIpsKIlvq', 'Z9XIGGxXOP', 5, 'Nice!');
INSERT INTO reviews VALUES('lq3qfi4hyT', 'x4sO7niRuO', 4, 'Hmmm');
INSERT INTO reviews VALUES('9X7hobecj5', 'TkSnAItBtL', 5, 'recommended');
INSERT INTO reviews VALUES('JHqAPRhRVs', '2PHRUCHecL', 3, 'Nice!');



-------------------- contains ------------------ 
INSERT INTO contains VALUES('sIgTOIpj36', 'j1EmsCev6O', 'Thousand sheets', 4);
INSERT INTO contains VALUES('u8W93U7MvJ', 'jC4cerpRED', 'Chicken Sandwich', 4);
INSERT INTO contains VALUES('NHywXBXU8f', 'x9cajowVrH', 'Creme brulee', 2);
INSERT INTO contains VALUES('NHywXBXU8f', 'x9cajowVrH', 'Christmas log', 1);
INSERT INTO contains VALUES('mPJirTdy70', 'H2JvO8O4my', 'Carp fries', 1);
INSERT INTO contains VALUES('mPJirTdy70', 'H2JvO8O4my', 'Baeckeoffe', 4);
INSERT INTO contains VALUES('0NvLoYzfKt', '4dyvTjBtGx', 'Croissant', 3);
INSERT INTO contains VALUES('0NvLoYzfKt', '4dyvTjBtGx', 'Liege coffee', 1);
INSERT INTO contains VALUES('JfH4YudsZ0', 'p6DAucaRTz', 'Galette des rois', 3);
INSERT INTO contains VALUES('CiWI3WL4Z3', 'KPhIByyUoZ', 'Spicy Chicken Sandwich', 4);
INSERT INTO contains VALUES('CiWI3WL4Z3', 'KPhIByyUoZ', 'Bacon Cheeseburger', 3);
INSERT INTO contains VALUES('pKAkjxrOAu', 'JxSofFgUgt', 'Kouglof', 4);
INSERT INTO contains VALUES('pKAkjxrOAu', 'JxSofFgUgt', 'Roast beef with Alsatian', 3);
INSERT INTO contains VALUES('8bS5haGcv4', 'w8YIrUsNLD', 'Baeckeoffe', 2);
INSERT INTO contains VALUES('8bS5haGcv4', 'w8YIrUsNLD', 'Carp fries', 1);
INSERT INTO contains VALUES('jbgkHKxcMJ', '70jVtIws8G', 'Croissant', 3);
INSERT INTO contains VALUES('owGwfTbACs', 'okZMlKmyIz', 'Matelote', 1);
INSERT INTO contains VALUES('owGwfTbACs', 'okZMlKmyIz', 'Duck confit', 2);
INSERT INTO contains VALUES('DjvFuctvQi', 'o2CW8kk36a', 'Blizzard', 1);
INSERT INTO contains VALUES('DjvFuctvQi', 'o2CW8kk36a', 'Frosty', 1);
INSERT INTO contains VALUES('DjvFuctvQi', 'o2CW8kk36a', 'Bacon Cheeseburger', 4);
INSERT INTO contains VALUES('xwMHGaQl1z', 'BvAsztuPK3', 'Mirabelle tart', 1);
INSERT INTO contains VALUES('xwMHGaQl1z', 'BvAsztuPK3', 'Quiche Lorraine', 1);
INSERT INTO contains VALUES('xwMHGaQl1z', 'BvAsztuPK3', 'Brimble tart (Blueberry)', 1);
INSERT INTO contains VALUES('Kx9tgWuMp8', 'Yg5x7BQ5BI', 'Madeleine', 3);
INSERT INTO contains VALUES('Kx9tgWuMp8', 'Yg5x7BQ5BI', 'macarons', 4);
INSERT INTO contains VALUES('Kx9tgWuMp8', 'Yg5x7BQ5BI', 'Thousand sheets', 3);
INSERT INTO contains VALUES('qgFFxN0VSv', 'dc3qPzf9vW', 'Rooster Cocktail', 3);
INSERT INTO contains VALUES('qgFFxN0VSv', 'dc3qPzf9vW', 'Carp fries', 2);
INSERT INTO contains VALUES('dJw8PUOEbU', 'sLRjrKkLUd', 'clafoutis', 2);
INSERT INTO contains VALUES('yLfh9WK8qA', 'x4sO7niRuO', 'Frosty', 3);
INSERT INTO contains VALUES('yLfh9WK8qA', 'x4sO7niRuO', 'Curly Fries', 4);
INSERT INTO contains VALUES('rgR2dD5whY', 'H2JvO8O4my', 'Carp fries', 2);
INSERT INTO contains VALUES('rgR2dD5whY', 'H2JvO8O4my', 'Garnished sauerkraut', 1);
INSERT INTO contains VALUES('tbXsRuTjLB', 'okZMlKmyIz', 'Flamey Tart', 2);
INSERT INTO contains VALUES('tbXsRuTjLB', 'okZMlKmyIz', 'Axoa', 2);
INSERT INTO contains VALUES('8HdByp1PZ2', 'I4zaUKbrkV', 'Head of veal', 3);
INSERT INTO contains VALUES('8HdByp1PZ2', 'I4zaUKbrkV', 'Mirabelle tart', 2);
INSERT INTO contains VALUES('osT9z5ho14', 'qJSFCYdP2e', 'Crepe and fruit', 2);
INSERT INTO contains VALUES('JCCrEAIj4E', 'DIVSJfEg0n', 'Fries', 3);
INSERT INTO contains VALUES('0HrJYY9PjM', 'yJwPUGE4eB', 'Apple crisp', 3);
INSERT INTO contains VALUES('1yxp3kcWob', 'BtRkRMBC1E', 'rum baba', 2);
INSERT INTO contains VALUES('oZexCNOJpE', 'fGSWyKP1oi', 'Roast beef with Alsatian', 1);
INSERT INTO contains VALUES('5X3BsUd6O5', 'vvhojlp2SY', 'Spicy Chicken Sandwich', 4);
INSERT INTO contains VALUES('5X3BsUd6O5', 'vvhojlp2SY', 'Chicken Nuggets', 2);
INSERT INTO contains VALUES('4cgC1wxrMk', 'jfRTlJB54m', 'honored Saint', 2);
INSERT INTO contains VALUES('4cgC1wxrMk', 'jfRTlJB54m', 'Breath', 3);
INSERT INTO contains VALUES('4kjAYGX9O3', 'Ui4S8KNkbN', 'String', 3);
INSERT INTO contains VALUES('4kjAYGX9O3', 'Ui4S8KNkbN', 'Spicy Chicken Sandwich', 2);
INSERT INTO contains VALUES('4kjAYGX9O3', 'Ui4S8KNkbN', 'Baguette', 2);
INSERT INTO contains VALUES('TsdSrSSZtt', 'iHMU0TelCB', 'Minced meat pie from Lorraine, France', 3);
INSERT INTO contains VALUES('3UF48BjLVG', 'Z9XIGGxXOP', 'Galette des rois', 4);
INSERT INTO contains VALUES('kaWMEgbKhm', 'Tu9I9dCZ4v', 'Chocolate mousse', 4);
INSERT INTO contains VALUES('kaWMEgbKhm', 'Tu9I9dCZ4v', 'Madeleine', 4);
INSERT INTO contains VALUES('2UO8p2VJ8m', 'tNbkCFUmDp', 'rum baba', 1);
INSERT INTO contains VALUES('2UO8p2VJ8m', 'tNbkCFUmDp', 'Crepe and fruit', 1);
INSERT INTO contains VALUES('byCrYnvgoX', 'Z9XIGGxXOP', 'Galette des rois', 4);
INSERT INTO contains VALUES('SEXXDAfESj', 'I4zaUKbrkV', 'Brimble tart (Blueberry)', 3);
INSERT INTO contains VALUES('SEXXDAfESj', 'I4zaUKbrkV', 'Potee Lorraine', 1);
INSERT INTO contains VALUES('hwreu2ejlg', 'PRJrtxkLtj', 'Quiche Lorraine', 4);
INSERT INTO contains VALUES('RVdpue4ape', 'JxSofFgUgt', 'Kouglof', 2);
INSERT INTO contains VALUES('RVdpue4ape', 'JxSofFgUgt', 'Rooster Cocktail', 1);
INSERT INTO contains VALUES('SDnMjRae05', 'Pr5XOEdZ0k', 'Pie', 2);
INSERT INTO contains VALUES('SDnMjRae05', 'Pr5XOEdZ0k', 'Head of veal', 2);
INSERT INTO contains VALUES('qHhaBYtUKA', 'Tu9I9dCZ4v', 'Thousand sheets', 3);
INSERT INTO contains VALUES('qHhaBYtUKA', 'Tu9I9dCZ4v', 'Madeleine', 2);
INSERT INTO contains VALUES('EFedsuSNd9', 'w8YIrUsNLD', 'Baeckeoffe', 3);
INSERT INTO contains VALUES('EFedsuSNd9', 'w8YIrUsNLD', 'Carp fries', 3);
INSERT INTO contains VALUES('NE1vDZt9Zv', 'BzZ86WdFsK', 'Garnished sauerkraut', 4);
INSERT INTO contains VALUES('NE1vDZt9Zv', 'BzZ86WdFsK', 'Kouglof', 2);
INSERT INTO contains VALUES('NE1vDZt9Zv', 'BzZ86WdFsK', 'Rooster Cocktail', 1);
INSERT INTO contains VALUES('OaGAyHLa69', '2wtmpjwmzS', 'Four quarters', 3);
INSERT INTO contains VALUES('OaGAyHLa69', '2wtmpjwmzS', 'Chocolate bread', 2);
INSERT INTO contains VALUES('OaGAyHLa69', '2wtmpjwmzS', 'French toast', 4);
INSERT INTO contains VALUES('LTVYvETpDP', 'fGSWyKP1oi', 'Spaetzle', 1);
INSERT INTO contains VALUES('LTVYvETpDP', 'fGSWyKP1oi', 'Flamey Tart', 3);
INSERT INTO contains VALUES('LTVYvETpDP', 'fGSWyKP1oi', 'Onion tart', 1);
INSERT INTO contains VALUES('LTVYvETpDP', 'fGSWyKP1oi', 'Roast beef with Alsatian', 3);
INSERT INTO contains VALUES('IsD5FyS2s2', '8oPTAxIIft', 'rum baba', 1);
INSERT INTO contains VALUES('IsD5FyS2s2', '8oPTAxIIft', 'Crepe and fruit', 1);
INSERT INTO contains VALUES('NQzcIs2u52', 'x9cajowVrH', 'clafoutis', 3);
INSERT INTO contains VALUES('NQzcIs2u52', 'x9cajowVrH', 'Christmas log', 1);
INSERT INTO contains VALUES('NQzcIs2u52', 'x9cajowVrH', 'Liege coffee', 3);
INSERT INTO contains VALUES('WTVwqqkX07', 'ICl2KWzDS0', 'Flute', 3);
INSERT INTO contains VALUES('IPn8iVlhd2', 'whpqmyqJ3r', 'Madeleine', 4);
INSERT INTO contains VALUES('IPn8iVlhd2', 'whpqmyqJ3r', 'Nancy Macarons', 1);
INSERT INTO contains VALUES('krRY2s9AOD', 'jfRTlJB54m', 'honored Saint', 1);
INSERT INTO contains VALUES('krRY2s9AOD', 'jfRTlJB54m', 'Breath', 4);
INSERT INTO contains VALUES('i2Aow2gJyN', 'ABXnulX0MQ', 'Spicy Chicken Sandwich', 4);
INSERT INTO contains VALUES('i2Aow2gJyN', 'ABXnulX0MQ', 'Bacon Cheeseburger', 2);
INSERT INTO contains VALUES('K8o5nJLosT', 'zsCytKS3Gl', 'Four quarters', 2);
INSERT INTO contains VALUES('4DFlykAEO6', 'ABXnulX0MQ', 'McFlurry', 1);
INSERT INTO contains VALUES('4DFlykAEO6', 'ABXnulX0MQ', 'Frosty', 1);
INSERT INTO contains VALUES('FD5zApOjBr', 'yJwPUGE4eB', 'Croquembouche', 2);
INSERT INTO contains VALUES('FD5zApOjBr', 'yJwPUGE4eB', 'Apple crisp', 2);
INSERT INTO contains VALUES('vVC8lwu5W6', 'whpqmyqJ3r', 'Quiche Lorraine', 1);
INSERT INTO contains VALUES('vVC8lwu5W6', 'whpqmyqJ3r', 'Minced meat pie from Lorraine, France', 4);
INSERT INTO contains VALUES('vVC8lwu5W6', 'whpqmyqJ3r', 'Madeleine', 2);
INSERT INTO contains VALUES('gxsfHwss1C', 'kb8lNgM149', 'Garnished sauerkraut', 2);
INSERT INTO contains VALUES('gxsfHwss1C', 'kb8lNgM149', 'Carp fries', 1);
INSERT INTO contains VALUES('ReRYE5V3bL', 'KPhIByyUoZ', 'Frosty', 3);
INSERT INTO contains VALUES('ReRYE5V3bL', 'KPhIByyUoZ', 'Bacon Cheeseburger', 3);
INSERT INTO contains VALUES('2JahQDeKKY', '5KFZofrRBJ', 'Flamey Tart', 1);
INSERT INTO contains VALUES('2JahQDeKKY', '5KFZofrRBJ', 'Matelote', 3);
INSERT INTO contains VALUES('vmsEJoeC5a', 'o2CW8kk36a', 'Frosty', 3);
INSERT INTO contains VALUES('vmsEJoeC5a', 'o2CW8kk36a', 'McFlurry', 4);
INSERT INTO contains VALUES('vmsEJoeC5a', 'o2CW8kk36a', 'Blizzard', 3);
INSERT INTO contains VALUES('FR8jM7D9A2', 'v3MAfKurxa', 'Frosty', 4);
INSERT INTO contains VALUES('FR8jM7D9A2', 'v3MAfKurxa', 'McFlurry', 4);
INSERT INTO contains VALUES('FR8jM7D9A2', 'v3MAfKurxa', 'Blizzard', 1);
INSERT INTO contains VALUES('wzh2BKTc59', '1sekHl7XAp', 'Far Breton', 1);
INSERT INTO contains VALUES('wzh2BKTc59', '1sekHl7XAp', 'strawberries tree', 2);
INSERT INTO contains VALUES('wzh2BKTc59', '1sekHl7XAp', 'Galette des rois', 3);
INSERT INTO contains VALUES('YYWmJLbfvl', 'x9cajowVrH', 'Liege coffee', 2);
INSERT INTO contains VALUES('YYWmJLbfvl', 'x9cajowVrH', 'clafoutis', 2);
INSERT INTO contains VALUES('b2DAeuL3Yo', 'Pr5XOEdZ0k', 'Pie', 2);
INSERT INTO contains VALUES('b2DAeuL3Yo', 'Pr5XOEdZ0k', 'Mirabelle tart', 2);
INSERT INTO contains VALUES('0msiF4LoW8', 'v3MAfKurxa', 'Blizzard', 4);
INSERT INTO contains VALUES('0msiF4LoW8', 'v3MAfKurxa', 'Spicy Chicken Sandwich', 3);
INSERT INTO contains VALUES('aHuW7uwVWs', '8l7yuRqWmz', 'Rooster Cocktail', 1);
INSERT INTO contains VALUES('aHuW7uwVWs', '8l7yuRqWmz', 'Garnished sauerkraut', 1);
INSERT INTO contains VALUES('doUsO3eBWj', 'Gjr3anFdSr', 'Baeckeoffe', 1);
INSERT INTO contains VALUES('doUsO3eBWj', 'Gjr3anFdSr', 'Pie', 3);
INSERT INTO contains VALUES('FuldUWw4KV', 'HO6zuIMfbh', 'Four quarters', 4);
INSERT INTO contains VALUES('FuldUWw4KV', 'HO6zuIMfbh', 'Breath', 1);
INSERT INTO contains VALUES('QZuCMpPXJP', '8oPTAxIIft', 'Crepe and fruit', 4);
INSERT INTO contains VALUES('QZuCMpPXJP', '8oPTAxIIft', 'rum baba', 4);
INSERT INTO contains VALUES('H0DfIN6lx8', 'zHkNPEKMDV', 'Tarte Tatin', 2);
INSERT INTO contains VALUES('H0DfIN6lx8', 'zHkNPEKMDV', 'Breath', 4);
INSERT INTO contains VALUES('FXCnQMTCz1', 'JxSofFgUgt', 'Kouglof', 4);
INSERT INTO contains VALUES('FXCnQMTCz1', 'JxSofFgUgt', 'Rooster Cocktail', 1);
INSERT INTO contains VALUES('pEMGhMxwf0', '8l7yuRqWmz', 'Garnished sauerkraut', 4);
INSERT INTO contains VALUES('pEMGhMxwf0', '8l7yuRqWmz', 'Rooster Cocktail', 3);
INSERT INTO contains VALUES('eLbDZ7cisJ', 'o2CW8kk36a', 'Blizzard', 3);
INSERT INTO contains VALUES('eLbDZ7cisJ', 'o2CW8kk36a', 'Frosty', 4);
INSERT INTO contains VALUES('D7wiBwardu', 'YNTsfAYz1g', 'strawberries tree', 2);
INSERT INTO contains VALUES('qMM9e1GQXQ', 'x9cajowVrH', 'Creme brulee', 1);
INSERT INTO contains VALUES('qMM9e1GQXQ', 'x9cajowVrH', 'Christmas log', 2);
INSERT INTO contains VALUES('qMM9e1GQXQ', 'x9cajowVrH', 'Liege coffee', 4);
INSERT INTO contains VALUES('1wc0uEYoXC', 'x4sO7niRuO', 'Frosty', 2);
INSERT INTO contains VALUES('1wc0uEYoXC', 'x4sO7niRuO', 'Curly Fries', 4);
INSERT INTO contains VALUES('eFaM3Ri822', '5KFZofrRBJ', 'Matelote', 1);
INSERT INTO contains VALUES('5verIpzdpl', 'zHkNPEKMDV', 'Tarte Tatin', 4);
INSERT INTO contains VALUES('5verIpzdpl', 'zHkNPEKMDV', 'Breath', 1);
INSERT INTO contains VALUES('76ZqP9yTbB', 'x6XKDLVsmX', 'Chocolate mousse', 2);
INSERT INTO contains VALUES('76ZqP9yTbB', 'x6XKDLVsmX', 'Chocolate bread', 4);
INSERT INTO contains VALUES('yXWzXZt5sJ', 'GoTmgZwzE2', 'Yogurt cake', 2);
INSERT INTO contains VALUES('yXWzXZt5sJ', 'GoTmgZwzE2', 'strawberries tree', 2);
INSERT INTO contains VALUES('yXWzXZt5sJ', 'GoTmgZwzE2', 'Galette des rois', 3);
INSERT INTO contains VALUES('pAIpsKIlvq', 'Z9XIGGxXOP', 'Galette des rois', 2);
INSERT INTO contains VALUES('boOB74DGPp', 'Gjr3anFdSr', 'Baeckeoffe', 3);
INSERT INTO contains VALUES('boOB74DGPp', 'Gjr3anFdSr', 'Rooster Cocktail', 4);
INSERT INTO contains VALUES('boOB74DGPp', 'Gjr3anFdSr', 'Pie', 1);
INSERT INTO contains VALUES('lq3qfi4hyT', 'x4sO7niRuO', 'Curly Fries', 3);
INSERT INTO contains VALUES('lq3qfi4hyT', 'x4sO7niRuO', 'Blizzard', 1);
INSERT INTO contains VALUES('JKZaEeUGlk', 'ujDJLQekr3', 'Bacon Cheeseburger', 1);
INSERT INTO contains VALUES('JKZaEeUGlk', 'ujDJLQekr3', 'McFlurry', 3);
INSERT INTO contains VALUES('CuZTww9jJC', 'whpqmyqJ3r', 'Ice Plumbers', 4);
INSERT INTO contains VALUES('CuZTww9jJC', 'whpqmyqJ3r', 'Minced meat pie from Lorraine, France', 4);
INSERT INTO contains VALUES('CuZTww9jJC', 'whpqmyqJ3r', 'Nancy Macarons', 3);
INSERT INTO contains VALUES('CuZTww9jJC', 'whpqmyqJ3r', 'Quiche Lorraine', 1);
INSERT INTO contains VALUES('QmWWml0b9g', 'h97LluucKu', 'Country bread', 2);
INSERT INTO contains VALUES('QmWWml0b9g', 'h97LluucKu', 'focaccia', 2);
INSERT INTO contains VALUES('0UCd86YdGn', 'fe8yRzZHeN', 'Christmas log', 2);
INSERT INTO contains VALUES('0UCd86YdGn', 'fe8yRzZHeN', 'Croissant', 2);
INSERT INTO contains VALUES('ntdYyGPo16', '70jVtIws8G', 'Croissant', 3);
INSERT INTO contains VALUES('b3UeO1fOYK', 'gN7Z4GvGnd', 'Lorraine Spindle', 4);
INSERT INTO contains VALUES('b3UeO1fOYK', 'gN7Z4GvGnd', 'Nancy Macarons', 3);
INSERT INTO contains VALUES('b3UeO1fOYK', 'gN7Z4GvGnd', 'Crepe and fruit', 1);
INSERT INTO contains VALUES('iCatLaak9F', 'qflmNc7cnk', 'focaccia', 2);
INSERT INTO contains VALUES('iCatLaak9F', 'qflmNc7cnk', 'Baguette', 3);
INSERT INTO contains VALUES('iCatLaak9F', 'qflmNc7cnk', 'Croissant', 3);
INSERT INTO contains VALUES('9X7hobecj5', 'TkSnAItBtL', 'French Ham and Vegetable Stew', 4);
INSERT INTO contains VALUES('HwNJuvxrnQ', '70jVtIws8G', 'Croissant', 4);
INSERT INTO contains VALUES('LySWZuIiF7', 'Dk5IpTkf8c', 'Far Breton', 2);
INSERT INTO contains VALUES('JHqAPRhRVs', '2PHRUCHecL', 'Garnished sauerkraut', 3);
INSERT INTO contains VALUES('JHqAPRhRVs', '2PHRUCHecL', 'Baeckeoffe', 4);
INSERT INTO contains VALUES('YAMPOuISiq', 'yJwPUGE4eB', 'Croquembouche', 1);
INSERT INTO contains VALUES('YAMPOuISiq', 'yJwPUGE4eB', 'Apple crisp', 3);
INSERT INTO contains VALUES('03rI8J0rCv', '9rwKqQx76o', 'Far Breton', 1);
INSERT INTO contains VALUES('03rI8J0rCv', '9rwKqQx76o', 'Croquembouche', 2);
INSERT INTO contains VALUES('03rI8J0rCv', '9rwKqQx76o', 'lightning', 3);
INSERT INTO contains VALUES('wJ6UNyEdLG', '7GlctaY0Ee', 'Blizzard', 3);
INSERT INTO contains VALUES('u00LUGAric', 'SIJ8YJuUpi', 'Carp fries', 3);
INSERT INTO contains VALUES('5A8OFoTRV9', 'x4sO7niRuO', 'Frosty', 1);
INSERT INTO contains VALUES('5A8OFoTRV9', 'x4sO7niRuO', 'Blizzard', 4);
INSERT INTO contains VALUES('5A8OFoTRV9', 'x4sO7niRuO', 'Curly Fries', 4);
INSERT INTO contains VALUES('qOqT8d5v12', 'ABXnulX0MQ', 'Chicken Nuggets', 1);
INSERT INTO contains VALUES('qOqT8d5v12', 'ABXnulX0MQ', 'Baguette', 2);
INSERT INTO contains VALUES('qOqT8d5v12', 'ABXnulX0MQ', 'Frosty', 1);
INSERT INTO contains VALUES('7DCmZED8I1', 'qJSFCYdP2e', 'Crepe and fruit', 4);
INSERT INTO contains VALUES('S3uu7giJyL', 'x4sO7niRuO', 'Frosty', 1);
INSERT INTO contains VALUES('S3uu7giJyL', 'x4sO7niRuO', 'Blizzard', 3);
INSERT INTO contains VALUES('n5aX8JL5PX', 'LngBuxsLZo', 'Baguette', 3);
INSERT INTO contains VALUES('n5aX8JL5PX', 'LngBuxsLZo', 'Flute', 1);
INSERT INTO contains VALUES('n5aX8JL5PX', 'LngBuxsLZo', 'focaccia', 4);
INSERT INTO contains VALUES('hAcCSQvF2t', 'e1bRcWCXV4', 'Blizzard', 1);
INSERT INTO contains VALUES('hAcCSQvF2t', 'e1bRcWCXV4', 'Chicken Sandwich', 1);
INSERT INTO contains VALUES('hAcCSQvF2t', 'e1bRcWCXV4', 'Frosty', 2);
